open,high,low,tick_volume,spread,real_volume,EMA_50,RSI,MACD,MACD_signal,MACD_histogram,Bollinger_upper,Bollinger_lower,EMA_50_H1,RSI_H1,MACD_H1,MACD_signal_H1,MACD_histogram_H1,Bollinger_upper_H1,Bollinger_lower_H1,EMA_50_H4,RSI_H4,MACD_H4,MACD_signal_H4,MACD_histogram_H4,Bollinger_upper_H4,Bollinger_lower_H4,Data_Split,close
-0.27151943425669167,-0.2764288542832221,-0.28547313026964116,1.786188071019307,-0.5433367369851825,0.0,-0.31752413758173925,0.12535421401202448,1.1265706296865603,1.4361748552511173,-0.9987765576360346,-0.22392286798101993,-0.28093582815533713,-0.4309134181298324,-0.2574396096860528,0.39346759021163225,0.6644939101396968,-0.6330232250501934,-0.2830396685692823,-0.09401189878826488,-0.3860248254553683,0.8947987603067521,0.47098206067757176,0.08500104026150465,1.094753766924807,-0.6002115727792933,0.07576521835612199,train,-0.298855531522174
-0.5256573251070845,-0.5463911559535429,-0.5557491413002044,-1.6882768368711372,1.3110105992649628,0.0,-0.5694943958792225,0.28217060609786765,0.42448460646256186,0.469535511579439,-0.14506968095709954,-0.592842421757306,-0.47713066722744285,-0.4863421329310363,-0.5095382233682171,-0.5163628054736144,-0.5536807069280326,-0.016290653290288004,-0.36290075670579913,-0.4849212911729381,-0.51923435526505,-0.1429784880024015,0.40094356317360313,0.4957154345860665,-0.1513939973418496,-0.5256241151309332,0.1471245357068237,train,-0.5428360930199753
-0.32680018392808163,-0.3441117105424491,-0.3415246893754175,0.4931024256879119,-0.3747597064169874,0.0,-0.22457496402137486,-0.06047647098300857,-1.0165718623490325,-1.2571566907113763,0.7759786933331321,-0.34580016761551424,-0.26925225383684814,0.0015584396378485155,-0.7317340254701428,-0.714071997105404,-0.28627917364340943,-1.2980206031384116,0.06199912055880464,-0.031367541597257034,0.3644658728949726,-0.8506339992964961,-1.3389792990172937,-1.389510812876808,-0.1750063481798913,0.45922410947889486,0.5387801074909735,train,-0.3418206618488232
2.026470618055222,2.0409398492287405,2.0272295550258437,-0.9349138956780636,3.671089027219693,0.0,2.041005533051852,,0.06400285105443816,0.09838057545352408,-0.11096359290562416,,,1.8974237987490514,,0.39713878250887713,0.4300549168732321,0.0013157870597755197,,,1.6221962524171885,,0.9549648431296014,1.0370743019376043,0.006923118768198246,,,train,2.0573215262129123
2.4249526886031303,2.4216559156868964,2.392716433578508,-1.587078829845202,1.3110105992649628,0.0,2.394531981261308,-0.018138926380344565,-0.02551839147739747,-0.028427665919026065,0.009370151737615458,2.4215460817003893,2.47556305998809,2.0156629660832315,1.5490303085153103,1.2970781449017907,1.1515105255284004,0.6776264874417737,2.268947138592281,2.4450884752784026,1.6311227018405992,,0.9522470541839552,1.1012835135128018,-0.1649584197930596,,,train,2.409482147997486
0.0663073692906629,0.06660016721240161,0.0423900990202571,-1.474636599816385,1.8167416909695477,0.0,0.03947971754631571,0.2656954287619429,0.5975867101440954,0.8012606463330554,-0.6571929174485962,0.07886163621254955,0.11263822592484884,0.20875462709664228,-0.23716725792468535,-0.5332155139960567,-0.8226507468683311,0.6507219290566346,-0.012319103527236953,0.2713534322514146,0.5742429427500272,-1.032498512847964,-1.392897204837247,-1.4169606533439167,-0.2549913227906599,1.1247881149015546,0.6191855004672275,train,0.06558084178429718
-0.7014808205896962,-0.7171365433347846,-0.7146898636960113,0.33568330364756815,-0.3747597064169874,0.0,-0.5655938423725198,-1.7257093976682654,-1.7585129349774935,-1.4343611158491647,-1.0486787617470013,-0.5325085435707583,-0.6602089701668229,-0.28440290659152445,-1.7226019122167264,-1.2139729468969236,-1.1112937952184014,-0.5449155337182507,-0.45272684177645683,-0.38435066518631805,0.15410315992720047,-0.9237531678055084,-1.6454421168189575,-1.5746075478987742,-0.555228841498175,0.17481998814044206,0.11322482066098305,train,-0.7208344900875635
1.4736631213413567,1.465635571025311,1.4859097033879547,-1.6208114988538471,1.3110105992649628,0.0,1.4176210789751618,1.129401638191658,0.5366837139358457,0.5712329544979421,-0.11103938680101014,1.4636018315353143,1.496185372199491,1.1844587244565554,0.7202360148021857,1.3196622681342267,1.1086577666609012,0.856783283352999,1.3904789752855895,1.3016608204536033,1.251728658408844,-0.6478954106122662,-0.37112168344694235,-0.6175152299239267,0.5461662957966503,2.233776376423213,1.8297673053087673,train,1.4711543910420968
-0.1432988065466672,-0.15029262216374592,-0.12346108956668292,-0.5975872055916127,-0.3747597064169874,0.0,-0.14910832654228054,0.4798950986219131,0.033439809853480815,-0.031394163965084335,0.2094254696273897,-0.1908930148763421,-0.08051587442944608,-0.44959783120917557,1.72391806004365,1.3568826004862362,1.4085801680974381,0.16616782906218797,-0.23090779283335855,-0.2500108301785423,-0.33076284754659957,1.7540856721300546,0.35830606884487587,-0.2490830244153861,1.635721006867112,-0.62439740518061,0.012740658422533148,train,-0.13159841703625239
-0.45194965887858163,-0.442559501464958,-0.4305929202832158,-1.2385079167558695,-0.8804907981215725,0.0,-0.47493467216500584,0.5967950082834031,0.4117297172277874,0.42771784255211,-0.05121970769604406,-0.500434032648538,-0.3758478756047852,-0.6985737183314035,0.19285899972227183,0.700569528656287,0.8237873725961677,-0.17102372589109605,-0.6367332712704435,-0.2551643155161058,-1.0871570069991232,1.1375379886201542,1.5820949168981286,1.4823574657777434,0.6147931574981479,-0.6810821338552229,-0.8175117044363378,train,-0.42084581227107465
-1.4815536215081362,-1.4524184817873036,-1.4625558714907574,-0.2377720694993984,-0.3747597064169874,0.0,-1.5404156994953278,2.211810354198558,1.0107809865928203,0.3570401715458165,2.1123825357257875,-1.529976547048623,-1.605208865494484,-1.1119685195040534,-0.43288800207829575,-1.5387230288244687,-1.665429245000703,-0.007301232736694716,-1.1019115755725286,-1.533201034677066,-0.9133147416820843,-1.060564868225091,-1.070404283852278,-0.6058412915193006,-1.4320751714629207,-0.31813435178782973,-1.4552434998494996,train,-1.4274574370670488
1.098982484679742,1.0995328485322087,1.0643712657295141,0.9428713458031798,-0.3747597064169874,0.0,1.098460364055015,-1.101568666397244,0.4831919329083506,0.9923593222472321,-1.6439483914081676,1.213844652163224,1.1339658515123325,1.6718888846910054,-1.1728979946611475,-2.8362482907841398,-2.2070164151595653,-2.308982861187022,2.7698060040001855,0.8551240783355072,1.5026424732733705,-1.2322085124225923,-0.454497254751059,0.5313039005719888,-2.625925979542679,,,train,1.05914948058825
-0.610881814183817,-0.6286873561778407,-0.6248538032114166,0.301950634638923,-0.5433367369851825,0.0,-0.6198338409921914,0.6989370016057721,0.4635586384544347,0.13755505918496433,1.0533493925603237,-0.6353269558401733,-0.6702826880689492,-0.45805235033829583,-1.2275757058562944,-0.7449836307664546,-0.42351196441475575,-1.0220609769934867,-0.18734725414752912,-0.47649313699727924,-0.4996709247010615,0.21937307183335722,0.43065227215365703,0.5111823432430121,-0.10819772069902653,-0.5265802256471608,0.15201296344587978,train,-0.6241629468525814
1.3876708440747558,1.37641726050178,1.3745744147532155,1.2127326978723405,-0.3747597064169874,0.0,1.2150394952866275,1.359989289884403,1.9176430135128397,1.8482288390084038,0.22612394098810296,1.4141681041256127,1.2432705002782574,1.147744565575732,1.8024141925030617,0.7578807475166506,-0.06498182869020531,2.358951206611988,1.135784749926364,1.11150324223939,1.2803153573877442,-0.1285325640085008,-0.6844658402116288,-0.7059850049824465,-0.10049426625205464,2.387006515766896,1.8445874444304906,train,1.3798534890979481
0.010258831429404616,0.021221888584065964,0.030872655368379874,-0.28274896151092516,-0.3747597064169874,0.0,0.04150079849585941,-0.819339156606781,-0.41827687795359986,-0.4045235367826997,-0.04484171752626233,0.018526204232558723,0.08182813185279468,0.13179069831686221,0.7435101650313569,-0.1506356635857927,-0.33131609572104365,0.4470021753323472,-0.1323194304444758,0.3026113728563854,0.496985849187209,-1.081589733048579,-1.256096428289451,-1.418501882503666,0.13011225113193928,0.8524133474726423,0.6059291343962788,train,0.018012304636921554
-0.15788678215440435,-0.17798106336071326,-0.14726380644721668,-0.47390075255991404,-0.3747597064169874,0.0,-0.2937529130991384,1.314589509568011,1.4837523670943424,1.394745662953046,0.2889622293115397,-0.17752324875693995,-0.24223993195271795,-0.5222490925220802,1.5331507307323715,1.2386685944513367,0.8612114754768546,1.2815190092057023,-0.4116995276555731,-0.4048296066136258,-0.30213440824354637,1.6869581284372195,0.0884453181430474,-0.579300611794808,1.728839803039737,-0.6844750205203524,0.047607216276746724,train,-0.1592188579605427
-0.9417985240222373,-0.9148012485463896,-0.9227716790064613,-1.7107652828769007,2.9967809049469127,0.0,-0.8831598061644007,-0.6560623377018417,-0.5311193402175808,-0.4020576167195803,-0.41736264800405576,-0.9236139961062596,-0.837320371326372,-1.0866769939684016,0.5928220697091842,1.1035726598411226,1.232749004837135,-0.09667167739346984,-0.9709497255008,-0.9132087479698824,-1.04490253363304,0.2631374852007665,0.002481607625692623,-0.291634970963632,0.7531980558058791,-0.8614307273079949,-1.3595516596211796,train,-0.9272205625495318
0.7404254000056184,0.7934217486325301,0.7326688885556512,-1.665788390865374,2.322472782674133,0.0,0.798518316913599,-1.7813587134706146,0.2177385833851547,0.5322461363486045,-1.0155319721121454,0.8152031909049704,0.8605286787969844,1.0148690036928063,-1.6625766112518123,-1.053757693952215,-0.7024536999054136,-1.1705467583388176,1.2813731527834205,1.0060043292976373,1.091436408956615,0.46866090450216885,-0.5868821300836814,-0.5166261668696199,-0.31316540621181355,1.5398812237085338,1.803498212824397,train,0.7376782376084452
-0.5678856755505081,-0.5817708308163307,-0.55728480045378,-0.3052374075166886,-0.3747597064169874,0.0,-0.5635568921838967,-0.4769559332055175,0.13102110952151166,0.13182889546682663,-0.0024763376886935704,-0.6048529489297112,-0.4888412648839966,-0.5655050247386832,-0.06996416442458733,0.16784898920063207,0.17529521575509718,0.017758616837150472,-0.5853791195657359,-0.39709596647917816,-0.25241951551379127,0.7291683206087374,-0.5413143080511481,-1.0189254609349834,1.0991637738061448,-0.44611888286866713,-0.16409553194745,train,-0.5635514237131846
-0.8066678026032954,-0.7655913154294519,-0.7853301847607992,1.640013171981845,-0.5433367369851825,0.0,-0.7591758864142213,1.0229619588958376,-0.6715171297200028,-0.7587926900748776,0.28119104120945826,-0.7833063984696816,-0.7778539982336127,-0.6826275303065544,-1.0687957280445013,-0.8687578202743813,-0.6147184394328349,-0.8703549725572984,-0.47302590778446124,-0.7709376076071383,-1.0776771006168007,-0.23062862675106494,0.9020344706891547,1.4418727278442451,-1.1764185682464923,-0.6537135248664071,-0.1427602227460791,train,-0.7707047306452768
2.152387881195607,2.1440023803507553,2.1669745380018606,-0.27150473850804346,-0.3747597064169874,0.0,2.106578362596542,0.040592479477793146,0.37698596580339716,0.5796712103518011,-0.6542229311483568,2.1735278050347153,2.205324150205648,1.9251683218394353,1.7476509113535315,0.4160367610259766,0.28330213282585176,0.4462771090807997,1.919650252068607,2.4767686933145825,1.6242478591141634,,0.9396928639503489,1.0335285363014823,-0.02655477073509963,,,train,2.150156897097292
0.5361937414974519,0.5203829534958606,0.5437828126649908,0.07706617458128912,-0.3747597064169874,0.0,0.6128647726211601,-0.38171687005732235,-1.1683905162190271,-1.4280703639177836,0.8374955255463101,0.5788615933964891,0.5416040897631376,0.8451861775987684,-1.2041449953116785,-1.0788680334921725,-0.9433322329603017,-0.6020932213931105,0.7400266707559496,0.9097107478772829,0.9724521789322449,-0.6671548820168484,-0.9911557787197752,-0.7009620366161201,-0.9678592525814401,1.172679016519532,1.7818771822772557,train,0.5404989787878786
-0.11642621990086614,-0.11798944076730676,-0.11731845295234612,-1.5758346068423204,1.6481646604013527,0.0,-0.15768002504921103,1.082579077320883,0.4658855074806402,0.4584107359301113,0.024612236040185788,-0.14619571779257243,-0.07935539617245355,-0.4814370314239517,1.3934538395649156,1.4680928136028917,1.2521228847125334,0.9032179333009327,-0.2685093164685589,-0.38511251389413603,-0.3152810740844735,1.2224960646586949,0.25611304584146466,-0.4082096480858354,1.7581863199477628,-0.6479686189499567,0.02203611039582629,train,-0.11855543104423114
1.3454424936313492,1.3379610921726774,1.3599856527941698,-0.0016433864388827636,-0.3747597064169874,0.0,1.373303200945644,-0.7183240329109308,-0.6624139083765948,-0.7693875779816278,0.34481843041034216,1.3845305855833772,1.370553201326926,1.18656252695588,0.27872419998842013,1.0054478856522133,1.176210524246472,-0.2292799314338062,1.365370126265376,1.4764185487863968,1.2342693581729698,-0.6549313180131859,-0.28980306862959465,-0.5576616383541545,0.6195761198513556,2.1710438007609842,1.8095691832992646,train,1.3391900621816366
-0.42354149585300976,-0.4064107032356001,-0.40218322594193795,1.1340231368521687,-0.3747597064169874,0.0,-0.32192654290017414,-0.7870752109245884,-1.0180139146992064,-0.657799965157915,-1.1643980959189544,-0.30442180656372025,-0.3363215211806876,-0.5901673433274085,0.46463858600552643,0.849080086463913,0.9754390899109674,-0.14613959666418788,-0.507775743658441,-0.19210143293773482,-1.0559359264716388,1.802340414633271,1.6949267714878606,1.684899212983481,0.41087238432720236,-0.6004108101723251,-0.5326390681720344,train,-0.39552707475715604
1.0836267208821366,1.0895342447666438,1.095084448801164,0.9541155688060614,-0.3747597064169874,0.0,1.205487616611417,-0.8662555456787373,-1.7282271741710193,-1.4939710252075609,-0.7583157431992665,1.2673036578560595,1.1115623753042623,1.1491731601610287,-1.505716679366435,0.10362230686854379,0.4897965757319745,-1.0042633416323703,1.2446321676879417,1.5483351982144815,1.1550559838496013,0.028741247911852775,-0.4438440498235782,-0.45946004269238616,-0.060913281764583486,1.9211396685061368,1.6955889563584616,train,1.0844682181021688
-1.0469855060358535,-1.047090467598512,-1.0271965014500675,-0.586342982588731,-0.3747597064169874,0.0,-1.0574883074910642,-0.27684827792920286,0.26092314382892956,0.5203967267062128,-0.837747317794873,-1.0749223436506607,-0.9481306204764623,-1.124232714240571,0.14443616796290498,0.33834631307956475,0.4953848373503681,-0.34208460719037675,-0.9218668609587722,-1.054764793601675,-1.0732154372761424,0.869381127166969,0.2371184245460784,-0.125849668661669,0.9827134452494308,-0.9802728177229267,-1.3096945434240588,train,-1.0254265747247446
-0.9226038192752389,-0.937874949543851,-0.9143255536617525,-0.45141230655415066,-0.3747597064169874,0.0,-0.9439477727775074,0.7458516397907287,0.20397918623125486,0.022703662800987245,0.5856645081757532,-1.0020789681718116,-0.8928526613105147,-0.8465420199021182,0.37123934112814155,-0.36040385154597315,-0.5442831246248157,0.40856005435144216,-1.0185488582729951,-0.7960112994501714,-1.1185160448503118,-0.10077780828466627,0.6228623462126079,1.0014642340159137,-0.8272688014698217,-0.7001287496637668,-0.4017064156665567,train,-0.9279877970196557
-0.40204342653635533,-0.41333281353483337,-0.39757624848117684,-0.19279517748787162,-0.3747597064169874,0.0,-0.4174483878589989,-0.5813640459781907,-0.2516609478908625,-0.021885381754042782,-0.7423513526797626,-0.3520411018627403,-0.36538841508882697,-0.36636166605424525,0.14533340378335563,-0.21605640107567298,-0.6535352598511953,1.1155981936622987,-0.5296766605881971,-0.4195520066748419,0.06456465469232577,-0.5003758904101971,-1.524781901653528,-1.60720881471062,-0.13561517338090887,0.07019025113894047,-0.018291982523320666,train,-0.4008977160479893
2.1278186591194284,2.1147756924206305,2.1201369338175895,-0.1703067314821082,-0.3747597064169874,0.0,2.141014928659,0.32140965650864955,-0.501796976959026,-0.6335765079327479,0.4250953836369727,2.1410435322553316,2.1404245339895795,1.950842136143659,-0.29957297363559016,0.5351081224115674,0.7461067409777294,-0.44160941073276133,2.0460986963275314,2.5365158424723773,1.628326026126734,,0.9755444135897455,1.0835156574145857,-0.054579091475084586,,,train,2.104890063360288
-0.21470310820554803,-0.21259161485689684,-0.1964048993618599,-0.48514497556279573,-0.3747597064169874,0.0,-0.1720785187988075,-0.5428894848925042,-0.5024531778671526,-0.45429881118021725,-0.15603045714279315,-0.217836280219405,-0.12704958852749976,-0.4249579145212914,0.45289494672111413,1.1469985362555923,1.3539470840091912,-0.29387270092150897,-0.23816028107573087,-0.11721583546580627,-0.35589987995718453,0.8820732878749079,0.311486422086418,-0.13197730920837358,1.2056008586327418,-0.6265043640667208,0.007873724764252079,train,-0.19604611252623474
-0.08648248049552353,-0.10337609680223592,-0.07278433749844698,-0.5975872055916127,-0.3747597064169874,0.0,-0.09883813472484392,-0.44294977961357507,-0.16629933883465667,-0.051000943897177485,-0.37254274942971616,-0.0869597937247484,-0.03591314879437918,-0.3651083723643829,0.9838344951498567,0.9168777328555903,0.8779450989438066,0.30881157837748086,-0.26693147751567736,-0.11051098731842522,-0.41408895061233547,1.38111446716737,0.765692875519225,0.41591396283792414,1.0690938434958508,-0.5240985503964286,0.1545298350217984,train,-0.09016775564983394
0.11237466068347933,0.09275036167619463,0.07463894124548265,0.7292311087484276,-0.3747597064169874,0.0,0.12951707246559546,-0.5211566356639237,-0.38078028529243135,-0.4286948051724299,0.15436239039158733,0.10159543294390698,0.1344926034271386,0.3948649710343277,-1.2012496696114037,-0.9157525939760358,-0.9999369235115784,0.01900593972888315,0.154096829877677,0.4561895857390671,0.7038151234566069,-1.9717588853998047,-1.436572615086416,-1.2622513781434435,-0.7725770740891694,1.3185840619837377,0.914326328534472,train,0.08322723459702781
-0.42814822499228805,-0.44640511829787677,-0.4206111357849313,-0.37270274553397875,-0.3747597064169874,0.0,-0.3893606698730512,-1.4304240779656607,-0.534269060600013,-0.3733534921152852,-0.5202428992477068,-0.3875934337475032,-0.3697880038201434,-0.13635423292997087,-1.5774938492522188,-0.9903610574206253,-0.9037280991550628,-0.4521712949113672,-0.007700395354354037,-0.3337662856947896,0.26299047494875755,-1.0398164168889228,-1.4833097481144781,-1.4598735846546742,-0.39708956045870186,0.3532243174489275,0.30954585110669713,train,-0.4400266740240531
0.28666257978632026,0.2811855864888218,0.30114866639892607,-0.3164816305195703,-0.3747597064169874,0.0,0.2938875278660739,0.044249321564050315,0.2195073574352903,0.3459656955695582,-0.40819529673718935,0.2778345331875207,0.3694223063272285,0.659671269269418,-1.5428910160928349,-1.5501349807486104,-1.56415683587174,-0.30966423599044746,0.7600840773399266,0.45436877249434116,0.8822447869894148,-1.6090801304733566,-1.2293082789118979,-0.9162798443847497,-1.080418223504068,1.2366039885984148,1.4894380299296162,train,0.29805288623032505
0.7488710700943065,0.8111115860639154,0.7641499012040974,1.6062805029732,-0.3747597064169874,0.0,0.800705165188618,0.831746444991433,-0.17907270436652523,-0.9203239244384237,2.3938077168701217,0.7815538151262738,0.6393282250260451,1.5108311950788362,-0.7939759395300586,-3.3346989752221186,-3.0213726658777342,-1.5800523115247527,2.474595105135507,0.4638504151975749,1.4589896112375258,-0.9695859855989676,-0.7533494541816713,0.26045044426455516,-2.7654950186994025,,,train,0.7921518849868848
-0.9540831350603353,-0.9494118000425902,-0.9342891226583215,0.155775735601461,-0.3747597064169874,0.0,-0.9513644249000145,0.5165432901336692,0.40734332628025166,0.4921111968855889,-0.2733592853611007,-0.9800707657367631,-0.9017959171580863,-0.7419788729951092,-0.43707759063476426,-1.012923704787097,-0.9206001834976636,-0.47236189617539687,-0.7229985449061628,-0.807821888058831,-1.0894870916132626,-0.08337687209290665,0.7784250842478913,1.3224692264907316,-1.2152744390647738,-0.6581125469825806,-0.22772364732042102,train,-0.9502375966530957
0.2797524860774029,0.27580172292274574,0.2927025410542172,0.5155908716936752,-0.3747597064169874,0.0,0.3704137935663872,-0.367313031169615,-1.0886156119916328,-1.3126936267175635,0.7225944334350328,0.3322377681756481,0.296948662485411,0.7458412185263195,-1.811048220459772,-1.6126197737429533,-1.3220328295306043,-1.1340942340847582,0.8013285158818835,0.6234682053128784,0.9261556414006884,-0.6493935445461089,-1.1422536345095495,-0.8100512215229045,-1.1096985369426038,1.2042806861061988,1.6079401984814103,train,0.2965184172900772
-1.0761614572513107,-1.0847775125610442,-1.0579096845217344,-0.5638545365829676,-0.3747597064169874,0.0,-1.0554871269218034,-0.3248817929708819,0.12142452011406503,0.19351064276697974,-0.23269078469327847,-1.11354715902595,-0.988051880830831,-0.7824173197415184,-1.1329025046354713,-1.1219540829886483,-1.1027660617286903,-0.3021817408372859,-0.7279029882207722,-0.9852320973914714,-0.7278368248118786,-1.3011294665161395,-0.40984904936255856,0.012835303842511329,-1.1747823902791308,-0.38555473350676134,-0.5970446995759163,train,-1.0691589395215348
2.0418263818528275,2.0317103688297626,2.0594783972510693,-0.8224716656492467,-0.3747597064169874,0.0,2.0149808393833504,0.7185755875737126,0.17989039530750667,0.09204307523178368,0.283898879739828,2.025107095798262,2.0813648671379377,1.925759616149569,-1.2964747132290375,0.09447724807716766,0.26908472657570753,-0.4434145296730085,2.041462412110122,2.4521210278272565,1.621830343748896,,0.8902967016723418,1.0475194005522148,-0.19998640428740758,,,train,2.0412096023404125
0.1254270599114457,0.11582406267367312,0.12147654542975383,-0.08035294745905464,-0.3747597064169874,0.0,0.05198641563463605,1.1934175101846938,0.7776070634806591,0.5471103101489371,0.7452125674189629,0.08634263628051957,0.07357657213136794,0.17037964297834274,0.3639169243143717,-0.225040334110033,-0.5574751723115474,0.8341065925958762,-0.09125020961230629,0.29565136478088455,0.5327299337477556,-1.4237557061891222,-1.3612386584547675,-1.430536936606548,-0.13204181994742195,0.9879868148987856,0.5953120500172061,train,0.11008044105119423
-0.42354149585300976,-0.4417903780983708,-0.43289640901358784,0.26821796563027794,-0.3747597064169874,0.0,-0.4107631242967669,-0.8287541257619028,-0.006787947259201342,0.20507853063515186,-0.6842633965396413,-0.4225221397537229,-0.3518892657426291,-0.40766583610364776,-1.7736942931541548,-0.3866475031476257,0.08817440439302131,-1.3498581440881914,-0.18801281801587447,-0.2596645965894457,-0.47849696113242224,0.062420034166726084,0.4891696688979109,0.5224291594578198,0.026065506802911746,-0.529999947798059,0.17526491590912596,train,-0.44463008084476247
-1.035468683187641,-1.0486287143316861,-1.025660842296492,-0.5301218675743226,-0.3747597064169874,0.0,-1.0028727820179868,-0.9793936322447309,-0.2521647051238855,-0.20303328210490557,-0.15893283445527556,-1.0880416334050294,-0.9301558557908207,-1.0823778143453364,0.16387068324988296,0.3285760651555979,0.44811383615792505,-0.24449679595715576,-1.0119654420982305,-0.8915913518405203,-1.149145198322876,0.9634215755777928,0.6226703546842014,0.34253730165188817,0.8583672693280646,-1.105945079301354,-1.2342546270766355,train,-1.0338661538960565
-0.4734477281952191,-0.49332164365938674,-0.5058402188087648,0.0995546205870525,-0.3747597064169874,0.0,-0.4425182059496035,-1.0565118257817934,-0.23665790202539094,0.024218785628869057,-0.8427822010033965,-0.47268187325176425,-0.3856446534306281,-0.7587389336076417,-1.0917559546284539,1.2143129415831178,1.6746261860576794,-0.9529090536582773,-0.480404295224201,-0.28641821154050434,-1.0974220763259563,1.4689391908291702,1.5654796843022063,1.2702174303727956,1.1113580938899046,-0.7482928183936232,-0.8808603579829127,train,-0.5205862933865353
2.04950426375163,2.034786862296077,2.0633175451350336,-0.8899370036665368,-0.3747597064169874,0.0,2.0239524769048525,1.7017994351168066,0.2093093322933558,0.1841020951248239,0.08162251555725027,2.0432140023726917,2.0981956217044893,1.9171673207592126,-0.0727209502737904,0.1249137232469455,0.17293594460740716,-0.0998084153028257,2.014469020603906,2.4222328757534184,1.62289493742477,,0.9153290936819916,1.0367991836685961,-0.10280752351681076,,,train,2.0496491815117244
1.727033224001881,1.7302140091295557,1.6978306665823526,1.5500593879587914,-0.3747597064169874,0.0,2.0268903585025937,-0.604782465542768,-3.9627557687731922,-4.49354959381028,1.7102746232908568,1.9486166641212248,1.6842502388395135,1.9519362601328107,-1.340115637330282,-0.5536578135143749,0.6517274773697812,-3.3309814953259917,2.5544151582647276,2.0238373023242686,1.5922136751009108,-0.8303270069574012,0.44384630945675274,0.9771389987846686,-1.2638027895947983,,,train,1.6898162150259626
-0.639289977209389,-0.6471463169758133,-0.6724592369724841,1.640013171981845,-0.3747597064169874,0.0,-0.8965599074772903,1.564057082666139,2.885265175930249,2.435776305069254,1.4546145073120857,-0.6342969208507884,-0.9918502693956013,-1.1173289934264274,0.56684580306568,1.3845253196186282,1.0344058789936683,1.241431731841502,-0.8859214478762846,-1.247202926477806,-1.0024345239312973,0.29874183173902163,-0.06746196091376261,-0.4688898045999062,1.0119075041587566,-0.7499288183651426,-1.3563051562864075,train,-0.6878434078724398
2.184634985170572,2.184765918779602,2.1976877210735104,-0.04662027845040955,-0.3747597064169874,0.0,2.1606143765928616,0.774543886342417,0.35751297646506297,0.34198280719037333,0.0505188005399098,2.212016101167712,2.211517627257858,1.9288557116128509,,0.7272357954927411,0.6860989494803849,0.2722280549201996,,,1.632481182466437,,1.0690949113938517,1.0786550687458376,0.21851300564043835,,,train,2.200027137655022
0.8870729442727728,0.9303257078841413,0.9000557362961669,1.7074785099991352,-0.5433367369851825,0.0,0.8873889887199949,0.2945385371210582,0.4781661483677806,0.8391741288299622,-1.165449069914661,0.9663359878983002,0.9510408987371647,1.4087960850680719,-0.07355642197371859,-2.4758739395827405,-3.011467768365304,0.8708224189142774,1.7081582989216835,0.6596612834400167,1.4165385074763592,-1.104441750667116,-0.9746701036969743,-0.004427755163846403,-2.704333124096278,,,train,0.9394609032497041
0.212187125367932,0.19273639933187783,0.19211686649455878,0.0995546205870525,-0.3747597064169874,0.0,0.24203846020496067,-1.070853332609996,-0.3114286893434801,-0.18713415017274412,-0.4017440368567225,0.20461640965827566,0.29396343130203056,0.4646900434819158,-0.5393200034030697,-0.8659458937791247,-1.0631085866272796,0.3307451662869689,0.131447610989763,0.5602495032152398,0.7492192576638059,-1.9758282368801292,-1.3984445623019999,-1.1860975258170439,-0.8612182648181422,1.3139967625291031,1.068464328823822,train,0.17452813654117658
-0.16710024043296082,-0.14567788196425704,-0.14879946560079235,-1.50836926882503,1.6481646604013527,0.0,-0.16580695465450726,-1.0357520520085044,0.30540182268590416,0.547423460498214,-0.7813384891480012,-0.17201581077694905,-0.05210560657083243,-0.3929278037938201,0.7431802696302949,0.7750932574999105,0.7158300974991044,0.33116709017798823,-0.3156483119948497,-0.09306479651506545,-0.4031638175231358,1.4506043551469927,0.7155441002684486,0.31214440221751333,1.1949100646567183,-0.531800543642043,0.09754278405471445,train,-0.16458949925135896
-1.0846071273399989,-1.0747789087954793,-1.0671236394432226,0.5605677637052021,-0.3747597064169874,0.0,-0.9875459860798386,-0.9091996089027237,-1.197463996405419,-1.3436266202987057,0.47084416407550717,-1.071370792031981,-1.036111657690901,-1.0809632074147093,-0.14319394736741328,0.4645921941013144,0.8178313077476452,-0.8358390291957228,-0.902000328473199,-1.0940287265905704,-1.1175816859406762,1.0704209410126286,0.38764516772363805,0.1318360086620427,0.7427082395878017,-1.1508091874397666,-1.2244326399049839,train,-1.0768312842227228
2.036451864523664,2.022480888430768,2.0241582367186752,-1.4184154848019765,1.6481646604013527,0.0,2.0440014222616765,-0.1711053171876815,-0.19899415800433531,-0.2710153130898294,0.23240249527626225,2.0282206118997173,2.0936391916386103,1.9379862946718744,-0.4025636499682552,0.20695155061351847,0.48790921662496534,-0.7011950038037639,2.050401078146739,2.512675539417111,1.624844888953619,,0.9251443152538177,1.0677335806230932,-0.15462001433454375,,,train,2.03123555422887
-0.9548509232502036,-0.9701781309403072,-0.9657701353067677,0.27946218863315964,-0.5433367369851825,0.0,-0.8671632317200827,0.2322213598436305,-1.4608283195396774,-2.220543543364373,2.452143585181599,-0.9852157103821861,-1.0215939164207977,-0.6456550122697591,-1.0905659241830792,-0.8463691397520401,-0.5242630560505062,-1.0464423011296482,-0.5544621352316016,-0.6911832609315298,-0.6557197729345592,-0.8801241573307806,-0.1376657039037785,0.2381420258669194,-0.9929666428440587,-0.390252902599394,-0.2886249611027512,train,-0.9847631478084501
-0.5970616267659653,-0.6025371617140477,-0.5818553469111102,0.26821796563027794,-0.5433367369851825,0.0,-0.5243698220379871,-0.729361926594548,-0.806174728513825,-0.47044184422639157,-1.0851183091042869,-0.5059404592086663,-0.5181223674414592,-0.723663886342685,0.09197801089508263,0.6274952164660162,0.9490580737404144,-0.7150979864622695,-0.5842945897317766,-0.27470290538504244,-1.0911488738945798,1.1703798387101805,1.5780042080625818,1.4229711492799553,0.7553629757773296,-0.6972943096122479,-0.8154713718979054,train,-0.5811978165259152
-0.49033906837259533,-0.474093559494827,-0.47512703573711496,-1.7107652828769007,5.356859332901643,0.0,-0.446582108657461,-1.7202477937300191,-0.1959688832621313,0.08759219330648653,-0.9160038881267474,-0.46793116277012503,-0.37587134427334723,-0.6789843358063993,0.3577080547580887,0.6444385165905127,0.7723753197156475,-0.19614296950833887,-0.6552901440474967,-0.2508415089916364,-1.0794507834232832,1.851461611844184,1.628578126351704,1.5399888391299943,0.5968298046466762,-0.644549493573665,-0.7836256935959544,train,-0.4945003214024928
-0.6216308488421273,-0.6425315767763073,-0.6294607806721607,-1.665788390865374,1.4795876298331576,0.0,-0.597103104672582,1.5643484019858476,-0.5686632162919504,-1.0346169822948184,1.5042966537704328,-0.6931545357437524,-0.6382396743206544,-0.4185440149104553,0.0595916204562268,-0.3901490050932474,-0.48073991066878796,0.1536985694432398,-0.5746957521690513,-0.4611403021857722,0.018703368377046437,-0.34125235775804125,-1.485051886402792,-1.6096973977035982,-0.01854966906470636,0.03128624470815822,-0.10037730102424657,train,-0.648714449896376
-0.4964813738916443,-0.4787082996943159,-0.482037501928231,-0.1590625084792265,-0.3747597064169874,0.0,-0.48603097831227715,0.2283373494073646,-0.17924973901171812,-0.42871842000243127,0.8055175113875901,-0.528768271539645,-0.4707955430058372,-0.2055037486498655,-0.9776414872907482,-1.0072351765965981,-1.0197381600979998,-0.19218663809316272,-0.12515250197062913,-0.4287891629986617,0.20589698116388977,-1.192208156702562,-1.612982194633182,-1.5196876931515593,-0.6053257390975296,0.2844933795209888,0.1731948154993608,train,-0.4699488183586811
-0.34062037134591633,-0.2779671010163794,-0.31925763164845944,0.6617657707311373,-0.3747597064169874,0.0,-0.44113360412730707,2.0720936025884877,0.9770756769970201,0.16427096227205118,2.6260706357554406,-0.39445369031309724,-0.49446607261140774,-0.5636470614427912,0.2923705321016333,0.5948056979152037,0.6990490446262205,-0.14421347470309165,-0.5003094334820651,-0.14287735499105994,-1.0362665280479284,0.6407303656377618,1.7524031147704482,1.7576873677512694,0.3847528524993475,-0.5424277539388942,-0.4608058008871038,train,-0.2627955114265888
0.1906890560512775,0.17966130209998132,0.1614036834229089,2.4495972281893272,-0.3747597064169874,0.0,0.1042988354606693,-0.07710129706143973,0.7740856805003957,0.8457777396011935,-0.23075788803209146,0.17125405140443198,0.1744456320486253,0.07659332680936255,-0.2843752275486781,0.08669712648204143,0.03473322779836289,0.15766108667276343,-0.0426190080855389,0.2385097248753406,0.4150703879428443,-1.0518705993501276,-1.237321720858731,-1.3717370780057234,0.06275356686087341,0.5633065810841245,0.6118546203785391,train,0.1522783369077366
-0.3613506524727025,-0.3718001517393994,-0.371470042870271,-1.5645903838394386,1.4795876298331576,0.0,-0.3609131836855727,-0.5421321015005286,-0.03403704037082258,0.008180661590415016,-0.1363832221539237,-0.413240389932248,-0.2731595841522709,-0.8364155174119847,1.3155918556251234,2.0557274698505887,2.10463086439887,0.3300263388597153,-0.30085126127843337,-0.8554839803585997,-1.1025160159318654,1.3292047696527256,1.5562680543033511,1.0166175691610386,1.7346454807398355,-0.7619509840539455,-1.0829749526808945,train,-0.373277275123699
-0.5348707833856581,-0.5525441428862061,-0.5403925497643624,-0.09159717046193634,-0.5433367369851825,0.0,-0.55597769822738,-0.7560655476145485,0.2952872859812512,0.5380702361701446,-0.7838075001643351,-0.5515825507102078,-0.4629727232827846,-0.5484720338786295,-0.5091084859119385,0.1537595285480186,0.2046250775789446,-0.10091675485876651,-0.5080341482169611,-0.39117137893011183,-0.22833696138390674,0.15737926842345554,-0.7261100550926869,-1.1256327258091317,0.8573388694475317,-0.36458699385425175,-0.2117954390628156,train,-0.5574135479522273
-0.9510119823008107,-0.9632560206410569,-0.9411995888494377,0.06582195157840742,-0.3747597064169874,0.0,-0.9035440481624055,-0.3527522022124989,-0.46323456657705303,-0.33881161856821984,-0.4023123143409552,-0.959738894034067,-0.8610241973121687,-0.8130396017199091,-0.14965920320030274,-0.49596701602432036,-0.6975275596409506,0.42525947481427423,-0.9493934139097275,-0.8000649882953617,-1.115480225596658,-0.46779977494217256,0.5696565191273804,1.0829612354121838,-1.1840609177805261,-0.6804413315194058,-0.3872977815631684,train,-0.9456341898323863
-0.5056948321702008,-0.5102423577241849,-0.4851088202353994,-0.6425640976031395,-0.3747597064169874,0.0,-0.519506051455021,-0.07608478235761881,0.22622167713468802,0.3243086711081428,-0.3165587306946917,-0.5513662070476839,-0.4243764913597897,-0.5041183891242789,-0.1710618543644707,-0.20958149331937967,-0.4215320849754848,0.5170057322233526,-0.565133358249159,-0.40881613794785177,-0.5377905366298775,-0.25809945052987077,0.3871082749484592,0.4803290946795388,-0.1505693068689384,-0.529459597046467,0.16191587619002942,train,-0.5014054316335569
-0.6891962095516152,-0.6940628423373233,-0.6716914073956878,-0.10284139346481803,-0.3747597064169874,0.0,-0.657224682980339,0.2044438790500271,-0.03178165376884522,-0.07251134155047441,0.13151086386219676,-0.7209641455649891,-0.6123321161344196,-0.5930465910850681,-0.1687186828087007,-0.3401046540853414,-0.009817781554345961,-0.9548896184606924,-0.42090245724497777,-0.4563876020209778,-1.0527627781191498,-0.2173468080171791,1.2681375589076245,1.6471547291669548,-0.6816774348766261,-0.6437284122053246,-0.1572711235866029,train,-0.6840072355218544
-1.0285585894787235,-1.0355536170997897,-1.0156790577982073,-0.327725853522452,-0.3747597064169874,0.0,-1.079749661553807,-0.5765615727990957,0.48237243209754976,0.8130704637729167,-1.0675540085373034,-1.035992949588828,-0.9508870852000841,-1.153823785509813,1.3376889023887975,0.4547994802038964,-0.5005163404349903,2.643517551587561,-1.123871915040795,-1.6117974388207763,-0.9594294436503686,-0.11361996277479845,-0.6943223139704614,-0.6921053079743823,-0.16347441506660598,-0.4818763951040129,-1.4699409910110082,train,-1.0346333883661805
-0.03734403634318259,-0.013388662912134697,-0.0190362671230597,0.673009993734019,-0.3747597064169874,0.0,-0.03686160371074416,1.1148334142725862,-0.1365768231404056,-0.5533879267585303,1.346019680764573,-0.07629470301634447,-0.04854003824192537,0.25676159935586884,-0.8429247640316375,-0.8853663497178815,-0.9984505173037876,0.1026984433843809,0.1236758295995721,0.23933686145088004,0.6127968287612529,-1.5480298412752924,-1.4734933600322162,-1.3913727267630527,-0.5450300625230728,1.246254464969871,0.6495275368167704,train,-0.0019357915861637626
-0.4081857320554043,-0.39179735927054626,-0.4052545442490893,1.7412111790077802,-0.3747597064169874,0.0,-0.3224542834519261,-0.710807606515677,-0.7196374761802546,-0.09169871558616657,-2.0287561828760188,-0.22937654593293916,-0.35082349184091133,-0.4851442353169184,0.1966065383200485,0.5764517295378371,0.5299643604889545,0.25271328513074637,-0.4960219852945479,-0.44726644694718853,-0.12419313845335961,-0.40491070737065776,-0.9494630752102549,-1.3755269664142853,0.8744946670873942,-0.21566124058851563,-0.15806952052805212,train,-0.40933729521928414
-1.010899461111479,-1.0186329030349746,-1.0179825465285794,-0.8899370036665368,2.9967809049469127,0.0,-1.4941524012310243,2.7188699280437185,1.5206567563684348,0.5250065030074766,3.2171492856191466,-1.3627525134438767,-1.5788493266731696,-1.1642489159326523,0.5389719511466016,-0.7805399931216622,-1.4301938283574815,1.5537622387403363,-1.1845647270216202,-1.5812057787547622,-0.9370015788463076,0.013259317948187561,-0.8736292639859098,-0.675458193903954,-0.7056657677711238,-0.3855073357572668,-1.4771332254117202,train,-1.0323316849558257
-0.37593862808042255,-0.39025911253737194,-0.3791483386381835,-1.6095672758509654,1.3110105992649628,0.0,-0.34872042200349757,0.19821016414617032,-0.16803102467004818,-0.0856233953545268,-0.26631853569796315,-0.41735349344891726,-0.29268215379480245,-0.07051947361546108,-0.655375710210581,-0.9727282554553224,-0.7079744273055713,-0.922133871212025,0.051622895667255295,-0.21081352378171606,0.31407543678579053,-0.9266104381992291,-1.4155463419943393,-1.420403264834666,-0.3092877034470215,0.42112383065324976,0.412608095798087,train,-0.39092366793642963
-1.39863249700106,-1.3808900086951579,-1.379630277197296,0.9766040148118249,-0.3747597064169874,0.0,-1.4510096378080173,1.2604806577287606,1.1358752373656695,0.663874898393762,1.52554926633557,-1.4265140940602905,-1.529713406973309,-1.024106913940539,-0.7077468321271073,-1.6752090243035218,-1.5141431245321655,-0.8034993449058512,-1.0306182655957152,-1.390752084221293,-0.8698908099748099,-1.034672273499005,-0.9922500158614932,-0.4652572810259843,-1.574068295388078,-0.29671202714577194,-1.2973062690983173,train,-1.366078679457528
-0.610881814183817,-0.6140740122127698,-0.6033545750612549,0.23448529662163287,-0.5433367369851825,0.0,-0.5421026053079647,-1.3302511683267628,-0.6001644729377781,-0.381229427717553,-0.7076926961121253,-0.5653381320637169,-0.5265583641019822,-0.7411076820625638,-0.3427528092669103,0.8068398482989056,1.2589417488622046,-1.0222676995500206,-0.5170527630354467,-0.25681510052621503,-1.0971151159331258,1.3007688027175819,1.5347832336605645,1.3498517596144888,0.8220489870684685,-0.7323837214198239,-0.8390816565305557,train,-0.611887195330667
-0.3790097808399471,-0.36257067134042165,-0.3737735316006601,-0.024131832444646156,-0.3747597064169874,0.0,-0.3984717817198673,-0.2797244698184283,0.6263340809473181,1.057879038683069,-1.3931095903471518,-0.32862746367519136,-0.29214764029702833,-0.4814198534145225,2.0543781719445082,0.5987753030743782,0.18099986474940663,1.2455611251278127,-0.5187048699518523,-0.4231557105614606,-0.08941129749111026,-0.09951535504206296,-1.055375028501929,-1.4602850154548146,0.7962915676084193,-0.16434843092526863,-0.14165350102992733,train,-0.34335513078907104
-0.4327549541315663,-0.42102404720065384,-0.41907547663133854,0.4256370876706217,-0.3747597064169874,0.0,-0.3068386659913251,-0.24076664316423949,-1.2694810337540365,-1.2913996930638925,0.0695056450582416,-0.36951120990847386,-0.35331376084391397,-0.3750436418173794,-1.2759960662517877,0.05877181988837647,0.5354648979985672,-1.2551371917037428,-0.24740781040639703,-0.08126025914110417,-0.4529920293279193,0.8433452664308131,0.6260144527218738,0.520559029591355,0.41213334092355675,-0.5434369246604338,0.23111564291877984,train,-0.41470793651011745
0.8125974898543675,0.7941908719991002,0.8063805279276245,-0.39519119153974214,-0.3747597064169874,0.0,0.7905530830646434,0.4284820906066651,-0.025431590366918493,-0.14017375459549258,0.3705523665125752,0.7667743150065814,0.8428235605251992,0.9210861015675399,0.7336999546996661,-0.6411131093988214,-0.829341646003244,0.3572998245305787,0.9482702041852101,0.9561519497670529,1.0209819203638943,0.10636805860143424,-0.7645046425987446,-0.6057299463121717,-0.5800506710588097,1.119331840421659,1.9948867805682367,train,0.7898501815765302
-0.7559937820712007,-0.7686678088957836,-0.7669022749178058,0.6842542167369008,-0.3747597064169874,0.0,-0.7507438708820656,1.1402843364304291,0.23057705550704477,0.039594526044523876,0.6170417353291243,-0.770901744167019,-0.77337379774508,-0.6351807618452281,-1.1672066205718172,-0.6104391248796527,-0.39734270790287135,-0.7036017310527808,-0.4169331796879749,-0.6272645132789537,-1.0626991382260649,-0.23062862675103515,1.1034820005787183,1.5574801759377315,-0.9109730795357013,-0.6895830591986982,-0.05469879784154934,train,-0.7584289791233794
-0.4818933982839072,-0.5002437539586201,-0.4851088202353994,-0.08035294745905464,-0.3747597064169874,0.0,-0.48017664919096154,-0.09507927186041946,0.4921749002203797,0.6842650388457463,-0.6198878288251888,-0.4823951981843197,-0.42492140912984344,-0.50293842863414,0.35927650611826,0.39684744198174554,0.47922503652440396,-0.13034685953492323,-0.505434208007976,-0.38861051811117364,-0.16052166275764004,-0.6475364578755651,-0.8826972299798789,-1.293181400716146,0.8498008246464839,-0.2670100115734471,-0.18183914448293528,train,-0.48912968011165947
-0.352137194194129,-0.3618015479738345,-0.35304213302727766,0.5380793176994387,-0.5433367369851825,0.0,-0.4700163554124444,1.6629964065600082,1.46808170051078,1.3289898703615126,0.45070426800534386,-0.36309999042054353,-0.4561667806425989,-0.5655519962806251,0.6719115084628604,0.43293197516461424,0.30074246099518437,0.4486084766681535,-0.6710730430398864,-0.3343226893829734,-0.2750475370882944,0.9050128653496642,-0.3728345434731005,-0.8968710008852836,1.2562555194463796,-0.504945283110037,-0.13037539712246138,train,-0.3679066338328657
-0.4173991903339608,-0.42256229393382816,-0.41216501044022247,-0.18155095448498992,-0.3747597064169874,0.0,-0.4036264499797223,0.09205025870533973,-0.13002607618087722,-0.2573993684274357,0.4112408023995833,-0.4440769393494275,-0.37930040338944127,-0.791128457002582,0.7876611223252061,1.6366774850368435,1.9892010677852883,-0.5715842961464184,-0.38686426536718266,-0.5090916970992047,-1.097148162365981,1.1819997354364378,1.605258779054675,1.1623188323092664,1.498300892237155,-0.7655019230039539,-0.919747393434257,train,-0.43081986038261727
0.2812880624571737,0.27041785935666973,0.2673641650201078,-0.08035294745905464,-0.3747597064169874,0.0,0.3270071978741796,-1.785977562056432,-0.48863370778455933,-0.17254604427200695,-1.021349728439115,0.3306139880517678,0.3746899987981178,0.5307977034593924,-0.19380819780518085,-0.9185345662644652,-1.2200259834196916,0.596551685058298,0.29752171326459315,0.52580042325508,0.7953835104073631,-1.9830631109926964,-1.3330100876210307,-1.1012838062954151,-0.8959375428789559,1.2846594917540028,1.22122821850442,train,0.25738945931401347
0.7481032819044211,0.7641950607024055,0.7626142420505218,0.33568330364756815,-0.3747597064169874,0.0,0.8835969197551171,-0.18387097279061612,-2.01365506223713,-2.678240843897753,2.144348685134405,0.8791216820248287,0.6539618678823622,1.0787043932041311,-2.084470248880477,-0.8366052378801733,-0.14370438637088684,-2.0307954350083133,1.3372457329462248,1.1894535041762178,1.1222733223333423,0.6829859375030893,-0.538410073731145,-0.4853548798499858,-0.25813281657469384,1.7927069013532357,1.677890881789264,train,0.7837123058155729
-0.2707516460668063,-0.281043594482711,-0.27395568661778097,0.1220430665928159,-0.3747597064169874,0.0,-0.36891778981530227,-0.017708050502596894,1.1149141939177352,1.5033336349724196,-1.2533346385760085,-0.2405022731602493,-0.26310521736845943,-0.8998702340372763,1.6969241197520706,2.2074373781603986,1.8441703178784796,1.4606069700263984,-0.41218819703691445,-0.9878780694284405,-1.1102579566690725,0.9122423619451099,1.4505663761373395,0.8478264452842239,1.8720659613737327,-0.7916470667248542,-1.2036220477416253,train,-0.28120913870944336
-0.33831700677627724,-0.34334258717586197,-0.3284715865699646,-0.4176796375455055,-0.3747597064169874,0.0,-0.33093058022347643,-0.05450448840109761,-0.032594423375427097,0.1095612037651156,-0.4591472073561377,-0.3643400406657269,-0.23901970049648094,-0.6141494429705904,1.2556934895325154,0.9953842038159187,0.9291883359760291,0.398920603164477,-0.5218595079373495,-0.2530684190587328,-1.0635880808680198,1.556197393805409,1.6833810124607498,1.6454350884090085,0.47969045971282487,-0.6094042500056331,-0.6237829827614818,train,-0.32724320691657116
2.1239797181700184,2.108622705487967,2.1362613549302107,-0.327725853522452,-0.3747597064169874,0.0,2.0409375536044774,1.0718730923279272,0.9596500120439299,0.7682499629434625,0.6191276822410121,2.1439902019564747,2.053410629510288,1.8993642733690974,,0.46695153170569753,0.42618418070100883,0.2129848510808615,,,1.6253769923466543,,0.9963993553681433,1.0460972029643874,0.09928027307688489,,,train,2.1217692217028947
-0.6254697897915371,-0.5879238177489768,-0.610265041252388,2.2134685451288116,-0.5433367369851825,0.0,-0.6355508198872735,0.03455443789443453,0.48458522434451695,0.6496197347228976,-0.5325150461982732,-0.5924272433115295,-0.5762985950846826,-0.34240441469581157,-0.11802053107797193,-0.8490139605948649,-1.1039771561078873,0.48831942392666383,-0.5296738493361379,-0.41264981727451416,0.11292246534853201,-0.2883438816919064,-1.5294444077160327,-1.593283430020989,-0.18424060140268309,0.09240061853014532,0.08972786931351857,train,-0.5689220650040178
1.0337204885399103,1.0618458035696936,1.055157310808009,0.02084505956688063,-0.3747597064169874,0.0,1.086986490790469,-1.2872221889724262,-0.4284341965426595,0.08500141757054715,-1.658655467198622,1.1923540218369921,1.1304609278683229,1.1433072456473206,0.6480269613431981,-0.14425793198147832,-0.7977020545992352,1.7062674150109316,0.8993764220313542,1.2115236116889938,1.2924707824717063,-0.11962492479718914,-0.9255766254847673,-0.695490783491444,-0.7991408214016334,2.4517624645218508,1.8574715348266913,train,1.0775631078711045
2.205365266297341,2.211685236609982,2.2260974154147886,-0.48514497556279573,-0.3747597064169874,0.0,2.1585999251680192,0.4108162161677914,0.15496816404192554,0.14628053466276672,0.028214842120927956,2.2133895973059317,2.241382492736579,1.9161884744056281,,0.6804863701250105,0.5937891434348949,0.3829822072486228,,,1.627622808904331,,1.017836030261416,1.0579836370434739,0.1285909973322674,,,train,2.2253458751689577
1.4859477323794548,1.4794797916237947,1.4498217132787645,0.1220430665928159,-0.3747597064169874,0.0,1.3986678255502447,0.9496873553490238,0.2887744698305417,0.08838140564229652,0.6474934260082532,1.461803785345406,1.4156756739349006,1.1695750304910162,1.188260724910202,1.2598713082636366,0.7183441912945925,1.722790415321218,1.3392089033346986,1.1239726729120836,1.2682765318748104,-0.14683411470993965,-0.48156910756369453,-0.6701969940180335,0.3732441990093421,2.3043875084201924,1.8461181272965639,train,1.4304909641257852
-0.9609932287692526,-0.9701781309403072,-0.9511813733477392,-0.28274896151092516,-0.3747597064169874,0.0,-0.954144925873637,-0.6881143691265867,-0.13152607211374254,0.027795942392963655,-0.5146888643642491,-0.9897544031581518,-0.8704135549931122,-1.077872736696944,-0.9351284561301128,0.45631459475578967,0.5241817037931238,-0.07842948942265535,-0.9558481153358813,-0.8945978355276546,-1.146141510146688,1.1328704362321749,0.45369619451044413,0.2593548307557101,0.6004259570000147,-1.1496192012084843,-1.222979008598542,train,-0.9694184584060741
-0.8012932852741318,-0.78174290612768,-0.7930084805287116,1.0665577988348784,-0.5433367369851825,0.0,-0.9375527595910979,0.6088239471358546,1.684196710460985,1.6689141152100397,0.05106124047744357,-0.7825950242571383,-0.9304963466639184,-1.1018173508011393,0.5806467288391036,0.8417069630321428,0.5933273185308043,0.8492417809104092,-0.9436560635069152,-1.0452564592731262,-1.0829498719274402,0.89795039076431,0.3710321566023089,-0.02042377064529625,1.0860478816716859,-1.0442452946866354,-1.2658022627021392,train,-0.7990924060396739
-1.6090064610282755,-1.6216256224353711,-1.7174752909854787,2.5845279042239073,-0.5433367369851825,0.0,-1.2842053608469417,-0.8982483208004011,-4.619486610970215,-4.439119284339728,-0.587197890924597,-0.9512321720408465,-1.888961400884191,-0.9243699355200439,-0.6156146258600421,-1.367853354190187,-1.1869221574728686,-0.7875568218214861,-1.0122338317993997,-1.1620865290965026,-0.8250380221986924,-1.141927938975504,-0.8696617433632952,-0.31080114645899304,-1.6277559558696932,-0.3201932135736345,-1.106669554496678,train,-1.7051963152500806
-0.3744030517006518,-0.3817987555049814,-0.3776126794846078,0.9766040148118249,-0.3747597064169874,0.0,-0.39052866415023724,0.5704597585025556,0.06861331249121505,0.062329508601013314,0.020363951815311233,-0.4018105090819649,-0.3793584480252374,-0.5772624793622564,-0.13821868564914214,0.6208017555241391,0.8519022418789567,-0.4759115163299186,-0.507245750130582,-0.16956909882482807,-1.0471135145185415,1.451200379049091,1.7146936691389472,1.7207750103064274,0.3741427679102685,-0.5729935241293687,-0.5013074300706052,train,-0.3901564334663228
-0.18936609793950068,-0.1933635306923542,-0.17567350078849453,-0.8674485576607734,-0.3747597064169874,0.0,-0.1524840978204284,-1.2020781200906059,-0.2902830330270146,-0.21534071095947926,-0.24233180228292112,-0.2007398653970888,-0.09592294085290197,-0.3537794920995283,0.6098457244221023,0.7123617492553264,0.8571953803813834,-0.22589532477605492,-0.2914612173057169,-0.004109723829157583,-0.4340978599176919,0.7657443406355899,0.6832275269082999,0.48097171492238594,0.6728451798000997,-0.5364781526731023,0.20115987795501994,train,-0.1783997197135041
-1.12990663054293,-1.1378470248552004,-1.1154969027810864,-0.12532983947058143,-0.3747597064169874,0.0,-1.084972718299342,-1.6867242677161756,-0.5423592385795297,-0.42073250787167693,-0.3933615245916949,-1.1198486560570253,-1.0523235457033604,-0.840257342146891,-0.04219216205931127,-0.9604752195900506,-1.0927118991931166,0.13684390363913748,-0.8685661119868331,-1.024670051224802,-0.7816026109295483,-1.698990332878436,-0.7385421720259369,-0.15109995588619102,-1.6710952962024834,-0.31817250013186976,-0.9255750236757816,train,-1.1151930077286627
-0.6047395086647681,-0.609459272013281,-0.5918371314093946,1.4825940499415011,-0.3747597064169874,0.0,-0.6520524618771903,-0.16453091809408862,0.7451594162342835,0.6570584650572624,0.2852898250792732,-0.6326956071539453,-0.6169845611846017,-0.5779630576145015,-0.2200182154132268,-0.19581181304953352,-0.23302167017761172,0.055171669915985884,-0.6731822898600239,-0.39528082415237425,-0.6191466167500306,-0.24601604684027242,0.054115724620284515,0.3358270013758492,-0.7085902388053269,-0.44515563698196997,-0.09408673157432723,train,-0.6103527263904363
-0.623166425221898,-0.6325329730107424,-0.6064258933684232,0.22324107361875117,-0.3747597064169874,0.0,-0.523671381071674,-1.0098185477358048,-0.9532894313268537,-1.1044485449001304,0.48722812031508417,-0.625421428826791,-0.545286374001848,-0.5633732770156231,-0.649285654625262,-0.017710367822460216,0.43946734502545937,-1.220333715501417,-0.41973485557123374,-0.3189577723331507,-1.0448881609527332,-0.20119469020118827,1.4343280179755056,1.7144280734902464,-0.3907812791623968,-0.6155625014660245,-0.23123236625036697,train,-0.6233957123824575
-0.7014808205896962,-0.7109835564021214,-0.6954941242762216,0.5155908716936752,-0.3747597064169874,0.0,-0.7805401102463991,-0.706340034054135,0.9055534945352253,1.3289777717507931,-1.3666001123089573,-0.7063825851027334,-0.6384971909568208,-0.8462472915772012,0.6158542956670089,0.2668725078921038,-0.16708932126363146,1.214336035343898,-0.9730104643245747,-0.7987938849217912,-1.1203825680522235,-0.19927435577269736,0.6820136739843534,0.9491475996885285,-0.5285826409809306,-0.7141551368267687,-0.412120256184519,train,-0.7062570351552944
1.0314171239702712,1.0164675249413408,1.0244441277363592,-0.0016433864388827636,-0.3747597064169874,0.0,0.9574128038960176,0.6799555684118895,0.6198462337015185,0.608407857102486,0.03756907020025157,0.9926059715587024,1.0438818306724977,1.175800335729008,0.6034322370141392,-0.7567761242665133,-1.4876942647081401,1.7752936299022095,0.8637353300347935,1.0845172682275441,1.3089638532421006,-0.6248160950493566,-1.144601191430075,-0.6167417660725711,-1.610911535579912,2.51562310177865,1.8896094158174195,train,1.0085120055603958
-0.6262375779814225,-0.5817708308163307,-0.61256852998276,-1.665788390865374,2.491049813242328,0.0,-0.5893648251258709,0.31966127719897486,-0.010862989487069426,-0.3383372724501079,1.057619358593786,-0.641619917031707,-0.614492098821465,-0.532562738635304,-0.5955533376240056,0.07876066857902446,0.2969132950900953,-0.5627888758537732,-0.5063764960739096,-0.3860401946120099,-0.19449532265551997,0.11313636268389772,-0.797328148779792,-1.2087147264124836,0.871512195989449,-0.30286426279271805,-0.20574411308662882,train,-0.6233957123824575
-0.24157569485136612,-0.26181551031816835,-0.28547313026964116,0.1332872895956976,-0.5433367369851825,0.0,-0.23872389682172643,-0.717555827855872,-0.12001562572899821,0.19441211653965026,-1.0156158692779302,-0.22692775111930855,-0.19165884244276965,-0.41609627800219734,0.22434274034668947,0.5715252980449106,0.6009923514999853,0.049525831332829694,-0.31948531978930567,-0.09191781441747046,-0.3958216570525466,1.15744398929557,0.5906578492681688,0.19608313209613576,1.1439438913611801,-0.5725917185186936,0.10942354812462791,train,-0.29732106258192614
-0.2960886563328707,-0.2733523608168905,-0.32923941614676094,2.685725911249843,-0.5433367369851825,0.0,-0.6226337819559917,1.428278786273785,2.763423396768251,1.8905451902814587,2.8218945413044314,-0.3994439416213716,-0.6615140217913298,-0.9833397392358687,1.4893843806255718,1.694125066102051,1.1899525759973228,1.7206046688981147,-0.6933825234884882,-0.9875675864079103,-1.1206270448706557,1.3322385467741082,1.271523778925435,0.6656099251282082,1.8394962527996328,-0.8632200214984108,-1.2583241701218744,train,-0.31189851751419523
1.1404430469332802,1.1326051532952521,1.0620677769991422,1.8536534090365973,-0.5433367369851825,0.0,1.2904717802536911,-0.3552481456542502,-0.854216245005486,-0.5191060261583044,-1.08315590876369,1.3083459652319556,1.1457148210051988,1.800413806940988,-1.5810454238520701,-2.5232042507669226,-1.0080969880292299,-4.595878340351745,2.8216411285696554,1.2802192030614539,1.5534801784260897,-0.8560226503889904,0.033761227176119665,0.7885220555739573,-1.9237335600134742,,,train,1.0875371559826472
-1.0178095548203963,-1.0332462470000454,-1.014911228221411,-0.3164816305195703,-0.3747597064169874,0.0,-1.0244618884217738,-0.16339646891232562,-0.0983640962422557,-0.05672338048057662,-0.13458482398851107,-1.0849803350843485,-0.9332772207441471,-1.1466426013140127,1.9594738890468582,0.8862045476752105,0.289370105935438,1.7863025590341175,-1.0291011219711081,-1.5832551278136788,-0.9779170723368469,-0.01638730272376785,-0.4951734198478319,-0.6620557513935713,0.31450618166599503,-0.6027593724237134,-1.4223013834319171,train,-1.0284955126052233
-1.0024537910227909,-0.9678707608405628,-1.017214716951783,-1.6208114988538471,2.322472782674133,0.0,-1.0181762595516812,0.9157441445200717,1.0442594558982583,1.1981315784316202,-0.49589819319638045,-0.977474224198091,-0.9737087056970845,-1.083803742259267,0.06989460765540705,0.3803512228405867,0.5703934021068904,-0.4204922432055443,-0.9599901591395037,-0.9262529143499358,-1.1306474474020243,1.233882672023046,0.4428871642084906,0.2013721286189384,0.7186851276633491,-1.151394180538277,-1.2243977903673176,train,-0.9671167549957195
-0.6124173905635708,-0.5910003112153085,-0.5918371314093946,0.009600836563998932,-0.3747597064169874,0.0,-0.6161878422925119,0.6837811363480705,0.4497812773340717,0.48362504483015767,-0.1088488561817788,-0.6188778659376345,-0.5752971331706374,-0.4609357584211467,0.2780439357199924,-0.2861770661248798,-0.4227392860492197,0.2992824205356442,-0.5947488823760563,-0.4849743212177292,-0.02286885674320183,-0.42244056566743265,-1.3936739182544116,-1.591789529490382,0.19022555586694342,-0.027938762446459674,-0.1445555430385424,test,-0.5758271752350819
0.08626986222754661,0.06813841394557596,0.08078157785981945,0.9766040148118249,-0.3747597064169874,0.0,0.06466122663863087,0.10231074458636759,0.2900996813615919,0.26673627279280043,0.07574930171797353,0.06211202413879705,0.09350184342297523,0.32756145936790126,-1.5678238854439983,-0.870337296454698,-0.9837078827567051,0.10682448382259013,0.15834697097816372,0.3534886420349063,0.6553604196769315,-2.0021724674111008,-1.5021245845939277,-1.337449249329297,-0.762791784695523,1.3230243924415233,0.7410530045437748,test,0.0663480762544211
0.8141330662341383,0.8264940533955564,0.8332545631153266,-0.4289238605483872,-0.3747597064169874,0.0,0.867021525201721,-0.17313337174777663,-0.7336979906245961,-0.740384171718286,0.020851907368437957,0.8811118516131149,0.8550405697574488,1.2296070118033071,1.0049522703679834,-1.4783955830797444,-2.096439701869139,1.3134583675784068,0.9248612092774976,1.0482832425591482,1.3405279497123133,-0.6171711757799465,-1.163614987041592,-0.458686203694678,-2.0683471729629708,2.5492818548101397,2.009134318255104,test,0.8381859531940127
0.834095559171022,0.8280323001287136,0.8486111546511517,-0.2377720694993984,-0.3747597064169874,0.0,0.803603995137664,0.9720129004323814,0.5386487563105217,0.6382377045298383,-0.32109349250542313,0.8385229315611484,0.8738252591984355,0.9648486145630041,-1.1489526890198836,-0.8555940289221354,-0.893950093736049,-0.08945954274764596,1.16094386437225,0.9316772310008359,1.0609985978279408,0.4544977418958146,-0.6178419806055514,-0.5483851044255794,-0.3181569289716097,1.2121220812063818,2.0420067441247447,test,0.8420221255445981
-0.39820448558694543,-0.39333560600370354,-0.38298748652214826,0.25697374262739625,-0.3747597064169874,0.0,-0.39424291829823277,0.12568665109017474,0.14023977147579458,0.43260570642014584,-0.9441004853322436,-0.3748137062287232,-0.3135497179084614,-0.6496560376225872,1.0880149685481164,0.8187077266738616,0.7992911834160682,0.23491330420482937,-0.597766857479973,-0.27294446000487554,-1.069616199275776,1.8290614514490153,1.6889823122609937,1.5992477306675734,0.6134888534080212,-0.6014046629660333,-0.7581525703334044,test,-0.3717428061834682
-0.5494587589933781,-0.5610044999186137,-0.5457673568019028,-0.5526103135800859,-0.3747597064169874,0.0,-0.5516395271830716,-0.5072596940736471,-0.003909306487442406,0.07491392741165662,-0.25457614098481646,-0.5996365297159986,-0.4509857794126488,-0.4849379694814226,-0.0822688992463935,0.0405325445630749,-0.2245947352453677,0.7144716179167214,-0.6034475246213568,-0.4275752921950545,-0.05623926980324479,-0.2016666317310183,-1.2097111131257314,-1.5374029544045702,0.5636165029256557,-0.09864843126394755,-0.142122268368576,test,-0.5413016240797445
-0.4788222455243827,-0.48947602682646796,-0.5027689005015964,1.1452673598550502,-0.3747597064169874,0.0,-0.3275231067243485,-0.8575604066051209,-2.3874662802317275,-2.282263237662597,-0.34218504402242167,-0.21714392962574028,-0.5550443725452078,-0.43204529015512594,-0.655822678296028,0.49387770065228215,1.0057992840111087,-1.2514754342182572,-0.2732814277438593,-0.05192630727825621,-0.3717992267625799,1.1574655630670827,0.3896326469248849,-0.02127538570345942,1.1400525414518845,-0.6075684647596596,0.015158033703313433,test,-0.4860607422311809
-0.7321923481849072,-0.7017540760031438,-0.7216003298871274,0.5380793176994387,-0.3747597064169874,0.0,-0.8212196140984082,0.2921347933503196,0.9782899872377436,1.2241277796188597,-0.7929827015648098,-0.7347989304860043,-0.692732988797488,-1.0475295325086935,1.8034515005092993,0.9541468470727751,0.6564966783993567,1.0054989307518185,-0.9866763526260087,-0.9087088759147417,-1.1351671717836438,1.373791496595219,0.978525442180111,0.48657532692646666,1.481276221735607,-0.9565034319268167,-1.3277674914370476,test,-0.7100932075058969
-0.7268178308557436,-0.7263660237337624,-0.7231359890407031,0.4593697566792668,-0.5433367369851825,0.0,-0.6134749854950209,-1.164358917891999,-1.343695669402019,-1.1481872965962223,-0.632784652972091,-0.6059344604352445,-0.6863880445934963,-0.5502627197792325,-0.5692629596378733,-0.2496838601962726,-0.17017305465347835,-0.2674342965427404,-0.668841766697376,-0.40477611679196185,-0.5854218926503909,-0.13178632707474885,0.242651966071594,0.4057296121378862,-0.362161599675288,-0.5025890976123859,0.08558276341899267,test,-0.723903427968025
1.3055175077575647,1.304119664043064,1.3269689809921479,-0.27150473850804346,-0.3747597064169874,0.0,1.3107460241415487,0.3190005993031282,0.10693269293061046,0.1352314924173616,-0.09128731073771745,1.3018305440838684,1.3758919307348116,1.1792561378541715,-0.22538606450521212,0.679676492571073,0.9743058339222302,-0.6317586500461165,1.3030383962834327,1.6226999401917157,1.2167145548855824,-0.07627399958233437,-0.22206969611379496,-0.4950289470504993,0.6480225964559487,2.100980797437311,1.796344635152518,test,1.3154057936079486
-0.9648321697186626,-0.9117247550800579,-0.9450387367334023,0.8304291157743628,-0.5433367369851825,0.0,-0.9394785577049608,1.5918102914675982,-0.3643722980748674,-1.0355233656040193,2.1672206691901352,-0.9963672292833523,-1.0012666544423319,-1.1042724574841658,0.5171371955311473,1.2142641293596421,1.1949916532973768,0.32306844648529315,-1.00218866411388,-0.9283599424848682,-1.01815542758446,0.20855839975824036,0.05101912261035835,-0.3645428571589737,1.0750038943236422,-0.8179335163270969,-1.331138645351524,test,-0.888858839043592
1.2847872266307956,1.267970865813706,1.2716852514631678,0.41439286466774,-0.3747597064169874,0.0,1.2786528785298081,-0.17462039663790185,0.16333382895701923,0.3934119262727736,-0.7429086333479652,1.3253697654625651,1.3303099938508678,1.171957383233079,-1.3872429934622714,0.5040119308678483,0.7515621734247108,-0.545819207868188,1.259234306439415,1.6533023897419579,1.191956339393819,0.4745954565714053,-0.25839323733850134,-0.4528327149818302,0.4388378549317126,2.0210761354365916,1.7650409228481516,test,1.2655355530502355
-0.3367814303965235,-0.3348822301434543,-0.32463243868599984,0.5943004327138471,-0.3747597064169874,0.0,-0.475534833713065,2.2433062361779488,1.56769519764082,1.0732074753623266,1.5986126634713902,-0.3840712398275209,-0.49730753579284737,-0.560209326971512,0.6851416950027109,0.6574480103143653,0.4617848342158103,0.6677408783966094,-0.6147627598920927,-0.36203268626283475,-0.2898565727799282,1.724889984584882,-0.13540714562916048,-0.7475245456615992,1.5356125690470064,-0.5777751722918257,-0.06469125895503758,test,-0.3280104413866951
2.2529681340699286,2.24783403483934,2.2529714506024905,0.6842542167369008,-0.3747597064169874,0.0,2.2136988573270138,0.29946954230022377,-0.031114426685620675,-0.07175052999659078,0.13120929285082752,2.2872780098703456,2.2538732713116145,1.9505933493162975,0.9811848062465551,0.8422442340973869,0.8251712228792967,0.2339463293208835,,,1.6321678728176727,,1.04306636615855,1.0895241616837708,0.1181776355455017,,,test,2.26217312973465
-1.2097566022904818,-1.2216814718126554,-1.2091721111496287,-0.0016433864388827636,-0.3747597064169874,0.0,-1.1318604924423206,0.39961667212104846,-0.6122684183785925,-1.1579077327548937,1.7616097129163117,-1.2169322242203857,-1.2534677598563615,-1.1240441068611602,-0.1644026973612202,0.18749056976637835,0.7282906583775959,-1.3968891968415098,-0.9070081777856539,-1.08554556327782,-1.064239253703188,0.5881637692481394,0.05817717432849055,-0.22118023189347133,0.7280879845653718,-0.9262213986877964,-1.3441890612570158,test,-1.217235192254478
-0.830469236489589,-0.8371197885215976,-0.8728627565150218,1.1677558058608137,-0.5433367369851825,0.0,-0.7638883153081895,-1.7038769383138388,-1.0892392605998351,-0.38434973936921685,-2.2776547930059254,-0.5850312837903723,-0.8106777222242264,-1.0682119030509831,1.5365447094938656,1.1195671792936797,0.948882489018137,0.704720350969573,-0.8645792525603884,-1.0600101655637848,-1.102264881558293,1.1968567820674252,0.35282880682907486,0.059952932880545026,0.8296478265229121,-1.084227719638653,-1.2618161816759808,test,-0.8842554322228825
0.3012505553940574,0.31271964451869083,0.24509710729316675,-1.6208114988538471,1.3110105992649628,0.0,0.31477800107263126,-0.6230227086700214,0.10313106060564443,0.3183088654790631,-0.6948466647197012,0.3098869538288339,0.39730434033045237,0.5904880714001735,-0.9734956616445575,-1.2049222558101171,-1.4862230321208194,0.4787294311074399,0.5996214588895412,0.41318504849526283,0.8392157314157199,-1.9661340590168732,-1.2835664487464193,-1.013078161026302,-0.9838909265533227,1.2609949515536827,1.35873476729923,test,0.3026562930510344
-0.49571358570175894,-0.5094732343576148,-0.48050184277465535,-0.698785212617548,-0.3747597064169874,0.0,-0.4872040395278701,-0.40749937937040254,-0.12372985079108159,-0.018346046506801206,-0.3404789384407575,-0.5288308087053256,-0.40057960776805074,-0.5167472163255494,1.6844667401037103,0.005570311060654379,-0.19316111660324964,0.5299927554406126,-0.6362799188930987,-0.3742709286315007,-0.564531097806423,-0.5193105932751504,0.26664514899599195,0.4417876187963142,-0.3875820436920751,-0.5059061644285114,0.09673482077059291,test,-0.4875952111714117
-0.941030735832369,-0.9409514430101825,-0.9388961001190655,1.0778020218377602,-0.5433367369851825,0.0,-1.0594770047138131,1.5358406047381992,1.6804894834081752,1.06616731041887,1.9857512038391214,-0.935548674772545,-1.1622162232910533,-1.1477150825444724,1.2958935795474056,0.9289220234452533,0.6501410692416485,0.9496492543774817,-0.9646144906508431,-1.4590051618380733,-0.9839169596338904,0.4055929319003799,-0.16938977486827334,-0.5670725031760753,0.9791583772868342,-0.6869241186420441,-1.3670966541593994,test,-0.9172465144379891
-1.0623412698334591,-1.0832392658278698,-1.077105423941507,-1.542101937833675,0.6367024769921827,0.0,-1.003445181795719,-2.159154713807921,-0.6229938695821285,-0.49724205364676227,-0.40676571098960973,-1.0708447507703438,-0.9836630041301184,-0.7163764494198216,-1.1893337036929785,-1.1363828768826254,-0.8931070467122233,-0.9016206426683857,-0.577551682933676,-0.8932757778302446,-0.6914588273094133,-0.9682721626895956,-0.2832880112047882,0.12828290430992945,-1.1175795009252376,-0.37758556870923177,-0.45025545945815415,test,-1.082201925513556
0.8479157465888738,0.8918695395550389,0.8601285983030118,-1.328461700778923,1.4795876298331576,0.0,0.9289595817319236,-1.0350647542065095,-0.5819516511298635,-0.46359727218801844,-0.3828329935263411,0.9291368880443643,0.9706851728932946,1.3146440771903583,-0.41183951566105154,-1.9282621273364922,-2.56245890823421,1.255739397301846,1.0147207248413468,1.0362935469456949,1.373411608405883,-1.0672744970275783,-1.1565688778727394,-0.2559411257819286,-2.567532603611937,,,test,0.894961303982807
2.156994610334886,2.169383451447961,2.178491981653738,0.16701995860434268,-0.3747597064169874,0.0,2.1572830587438805,0.02268656305778201,-0.035385213723311895,0.06935362417981414,-0.3383065509357007,2.1854032520814775,2.2379384222179213,1.9397279324855725,1.8552122112730118,0.6504703876122823,0.48525969515455647,0.5851570116909011,1.968455654054567,2.4550352762289407,1.636740328765073,,1.1047579036832373,1.066857066051114,0.3480692929123025,,,test,2.1731739312008727
-0.3191223020292789,-0.3394969703429602,-0.41753981747776286,-1.362194369787568,2.322472782674133,0.0,-0.2897123610498078,-2.566020608141727,-0.19404101057661463,0.285465714980766,-1.5488396157490631,-0.247564209815084,-0.2128081976805423,-0.5389683302262094,-0.009443098338215897,0.7088300178755712,0.7577138721695685,0.02859866632835242,-0.46432709902838537,-0.1429959140532613,-1.0393780617861934,-0.24895674365943002,1.596567813773459,1.7532821010672848,-0.03816857554369954,-0.5819378311187118,-0.33016781727547656,test,-0.36483769595238713
2.4464507579197847,2.4531899737167655,2.4579819476057723,-0.06910872445617294,-0.3747597064169874,0.0,2.3081918016922724,2.3361309645607387,1.491805532908388,1.4286784279633802,0.20538808863582958,2.4583246311808615,2.393552163641511,1.9770443284578438,2.0991613446087207,1.1410962186887847,0.8148822666087695,1.123341269373257,2.1572780365642257,2.3957478358547,1.6476026323876338,,1.217521439841479,1.1180756085311083,0.5311889637830821,,,test,2.4685592021966354
-0.8811432570217007,-0.8932657942820854,-0.871327097361429,-1.587078829845202,1.3110105992649628,0.0,-0.8867138712744437,-1.070853332609996,0.131205215868552,0.40313269148930325,-0.878100365110176,-0.8561184153793412,-0.809954823217387,-0.7781936647417763,0.04347488231388213,-0.6753599853457072,-0.8777805576693708,0.38739366351722004,-0.8359273835826161,-0.8126568741599315,-1.103294518106166,-0.6273841253991166,0.6515388592238479,1.1993153085394035,-1.253663179384466,-0.6700596601847472,-0.31566380741352135,test,-0.8781175564619254
0.11698138982277462,0.10813282900785266,0.10688778347072525,0.5718119867080838,-0.3747597064169874,0.0,0.0098876942212829,1.2390624470062068,1.4109102986967226,1.0817599090924839,1.0644708203358966,0.10495854971468001,-0.01402574840159335,0.09750761594172658,-0.05544228274566054,-0.04226010913906036,-0.2042989023877493,0.4216621180018012,-0.1282066355436603,0.2798782171932012,0.4655541705382432,-0.8051096134160306,-1.1106062700733241,-1.3771914752442815,0.4297706759437693,0.7004780274353347,0.6587125095389524,test,0.10010639293965157
