open,high,low,close,tick_volume,spread,real_volume,Time,EMA_50,RSI,MACD,MACD_signal,MACD_histogram,Bollinger_upper,Bollinger_lower,EMA_50_H1,RSI_H1,MACD_H1,MACD_signal_H1,MACD_histogram_H1,Bollinger_upper_H1,Bollinger_lower_H1,EMA_50_H4,RSI_H4,MACD_H4,MACD_signal_H4,MACD_histogram_H4,Bollinger_upper_H4,Bollinger_lower_H4
1.08755,1.08795,1.08728,1.08795,78,28,0,2024-11-04 00:00:00,1.08795,,0.0,0.0,0.0,,,1.08816,,0.0,0.0,0.0,,,1.08882,,0.0,0.0,0.0,,
1.08882,1.08883,1.0887,1.08879,132,4,0,2024-11-04 04:00:00,1.0879491102529106,67.13286713286496,0.0003471381621851233,0.0002595491038925811,8.758905829254218e-05,1.0893106258192895,1.0868403741807104,1.0881859624303845,,8.827851843995482e-05,-4.514743862853622e-06,9.279326230280844e-05,,,1.088861568627451,,8.455840455834363e-05,1.6911680911668725e-05,6.76467236466749e-05,,
1.08988,1.09017,1.08987,1.0901399999999999,118,4,0,2024-11-04 08:00:00,1.0894891309013055,56.338028169008794,3.525666462023125e-05,1.855942624252697e-05,1.6697238377704277e-05,1.090195247846695,1.089310752153305,1.0884110605294126,,0.00035829423029554164,0.00019097609902042633,0.0001673181312751153,,,1.088890918877355,,0.00012830577673872412,3.9190500077079805e-05,8.911527666164432e-05,,
1.08961,1.08982,1.0895,1.08981,157,4,0,2024-11-04 12:00:00,1.0895154969922503,62.27758007116999,0.00011375971471316859,9.438667019913942e-05,1.9373044514029174e-05,1.090177740130204,1.088918259869796,1.0885805408517824,,0.00041740907761012025,0.00029864428196609585,0.0001187647956440244,,,1.0889544122547137,,0.00023291348113385624,7.79350962884351e-05,0.00015497838484542113,,
1.0905,1.09064,1.09022,1.09062,222,4,0,2024-11-04 16:00:00,1.0902102917286949,54.51977401129812,-3.6865898118021434e-05,-6.591938188021913e-05,2.9053483762197694e-05,1.091137090596122,1.089474909403878,1.088871377897404,65.24064171123139,0.0005628377376316607,0.00046085520642181836,0.00010198253120984231,,,1.0889503176564896,,0.00017979514718557965,9.830710646786402e-05,8.148804071771563e-05,,
1.08887,1.08891,1.08849,1.08857,146,4,0,2024-11-04 20:00:00,1.0892589701679634,54.87804878048938,-0.00021929474129556148,-0.0002836057425949534,6.431100129939191e-05,1.0892730651328888,1.0879839348671112,1.0888747065215556,41.22681883024228,0.0001744628174205065,0.0003686360861944461,-0.0001941732687739396,1.0913712904710422,1.087444709528958,1.088900109120941,,4.199821720085595e-05,8.704532861446241e-05,-4.504711141360647e-05,,
1.08768,1.08771,1.08724,1.08761,35,16,0,2024-11-05 00:00:00,1.0879892116118528,46.8354430379665,-0.00010193333084873579,-0.00014312696421657045,4.119363336783466e-05,1.087834930981428,1.087369069018572,1.0887027027829874,39.29577464788839,-0.00024049256405289654,6.748001752695181e-05,-0.00030797258157984835,1.0914273017724934,1.0871546982275067,1.08885461464561,,-6.0856907057260656e-05,5.74648814801178e-05,-0.00011832178853737845,,
1.08775,1.08783,1.0877,1.08774,88,4,0,2024-11-05 04:00:00,1.0876093765272188,61.363636363635216,4.49161130458009e-05,-2.4555421313322013e-06,4.73716551771331e-05,1.0877952435329687,1.087207756467031,1.0885391168815335,22.535211267608645,-0.0003827167982322077,-0.00018775218625421722,-0.0001949646119779905,1.0913109322034995,1.0864180677965007,1.088815217992841,,-0.00013197295133826614,1.9577314916441014e-05,-0.00015155026625470716,,
1.08785,1.0878700000000001,1.08775,1.08785,82,4,0,2024-11-05 08:00:00,1.087726801553159,77.419354838727,5.6318410918798634e-05,3.3213853372756746e-05,2.3104557546041888e-05,1.0880260491231795,1.0874289508768205,1.0884241569286386,45.48022598870244,-0.00034422974586090227,-0.0002998980685872674,-4.4331677273634846e-05,1.090959514069922,1.0860544859300783,1.0888291310127296,,-8.088753929258452e-05,-5.156559253640938e-07,-8.037188336722043e-05,,
1.08919,1.08929,1.0891,1.08916,137,4,0,2024-11-05 12:00:00,1.088808248139406,50.29239766081408,0.00012130712626712281,0.00018648195503870841,-6.51748287715856e-05,1.0896871365106033,1.0888368634893966,1.0885312057049559,79.61165048543864,2.3896574253168268e-05,-0.000171169307763521,0.00019506588201668928,1.089725099540754,1.086717900459246,1.0888468121494852,,-3.116663197122449e-05,-6.645851134536174e-06,-2.4520780836688316e-05,,
1.08925,1.08962,1.08925,1.08946,176,4,0,2024-11-05 16:00:00,1.0894718951320668,50.0,-3.85211851863243e-05,-1.1246848016227396e-05,-2.7274337170096906e-05,1.0898385107695567,1.0892654892304434,1.0887260048916705,81.62839248434575,0.00032033889267846227,6.438967236629049e-05,0.00025594922031217177,1.0903604811033283,1.086453518896672,1.0890100744181328,,0.00030569352769038716,5.5822024630448494e-05,0.0002498715030599387,,
1.09302,1.09331,1.09289,1.09331,155,4,0,2024-11-05 20:00:00,1.0914470599793802,87.77777777779204,0.0005533929213756839,0.0005154402066690016,3.795271470668224e-05,1.09331739214144,1.09131060785856,1.0892252767309514,86.20236530880408,0.0009407373438796718,0.00044885438794428997,0.0004918829559353818,1.0928186979310999,1.0857323020688998,1.0891520322840884,,0.0005358182279644463,0.00015182126529724807,0.0003839969626671983,,
1.09274,1.0929,1.09204,1.09254,20,14,0,2024-11-06 00:00:00,1.0925771209968111,49.33333333333571,-3.469696657631971e-05,-4.9133407241905934e-05,1.4436440665586224e-05,1.0928485823651788,1.092388417634821,1.089741971811904,75.8875739644971,0.0011379771533401861,0.0008414903875059874,0.0002964867658341987,1.0942724814397022,1.086332518560298,1.0889366584690263,,-5.546388379018552e-06,0.00012034773456199475,-0.0001258941229410133,,
1.08365,1.08391,1.08299,1.08316,299,4,0,2024-11-06 04:00:00,1.0877652539340088,39.753639417693044,-0.0015607056525537288,-0.0017791996213400547,0.00021849396878632584,1.0868202332982753,1.0819887667017252,1.0888893452690078,21.71695707607337,-0.0012022863416831786,0.00025855413222081625,-0.0014608404739039947,1.0979888962016733,1.0812081037983265,1.0884281620584764,26.59380692167649,-0.001043076542056598,-0.00011233712076172379,-0.0009307394212948742,,
1.07601,1.07614,1.07471,1.07531,326,3,0,2024-11-06 08:00:00,1.0781266600378077,43.828451882845265,-0.0003558866743209599,-0.00023925275151702978,-0.0001166339228039301,1.078658814010864,1.0749111859891358,1.0868620623032668,17.199596095591076,-0.0036927861927800176,-0.0016774296148374937,-0.002015356577942524,1.1014678236905135,1.0721621763094866,1.0879219596248106,26.164874551971977,-0.0018799668158262506,-0.00046586305977462916,-0.0014141037560516214,,
1.07547,1.07571,1.07474,1.07494,245,4,0,2024-11-06 12:00:00,1.0756135240050715,31.64128595600559,0.00016247081866715973,0.0003463830217689817,-0.00018391220310182198,1.0774542222022698,1.0747567777977305,1.0851424730274732,24.85223754573613,-0.004088631713506707,-0.003075823585611133,-0.0010128081278955744,1.100792999160748,1.0669910008392522,1.0872575690512887,19.885277246654454,-0.002876391197659256,-0.0009479686873515546,-0.0019284225103077014,,
1.07091,1.07196,1.07083,1.07146,304,4,0,2024-11-06 16:00:00,1.0717163634402473,63.211678832116974,-9.421210188143014e-05,-0.0003947095434066986,0.00030049744152526843,1.0719438860565036,1.0682561139434965,1.0829876141021164,31.956912028725156,-0.004718924725081397,-0.004025671294553475,-0.0006932534305279219,1.0969497450417953,1.062231254958205,1.0866870761473166,24.26918392204675,-0.003486280486016735,-0.0014556310470845908,-0.0020306494389321444,,
1.07271,1.07351,1.0726,1.07338,313,3,0,2024-11-06 20:00:00,1.072850922232036,54.43925233644886,0.0001605229069392422,0.00028702954118967343,-0.00012650663425043123,1.0742992722883702,1.0723527277116298,1.0816224432243027,45.464561145795145,-0.0036329368128786843,-0.004014118433994908,0.00038118162111622396,1.0869717549888311,1.0646132450111687,1.0861322888474219,22.018062908751375,-0.003937945535458898,-0.0019520939447594523,-0.0019858515906994454,,
1.0722,1.07301,1.07208,1.0728,43,15,0,2024-11-07 00:00:00,1.073395017772128,32.72727272727322,-0.00025036137946976567,-0.00021774520449336458,-3.2616174976401086e-05,1.0738251018296112,1.0726108981703888,1.0803627437029444,39.12185495806605,-0.002940479345990621,-0.0034904041053897945,0.0005499247593991736,1.0779441180585208,1.0691948819414794,1.0855686696769347,22.638488632725142,-0.0043091595139623795,-0.002423507058600038,-0.0018856524553623414,,
1.07176,1.07216,1.07173,1.07206,123,4,0,2024-11-07 04:00:00,1.0725843432573239,46.80232558139709,-0.0003091757739153156,-0.0003249896809299509,1.581390701463532e-05,1.0732129350393949,1.0710910649606051,1.0792249968510141,65.68627450980378,-0.002371621186419759,-0.0029468492728473277,0.0005752280864275688,1.0767742664214504,1.0693407335785496,1.085138917924898,30.151975683890896,-0.004323539018328937,-0.0028035134505458178,-0.001520025567783119,1.0995852789521074,1.0676917210478925
1.07459,1.07463,1.07422,1.07428,161,4,0,2024-11-07 08:00:00,1.073767426971975,60.73298429318927,0.00021543578623273163,0.0001976163210096825,1.781946522304913e-05,1.0746341312030416,1.0735728687969586,1.0785050945820713,58.157894736842096,-0.0014591303099771302,-0.0022368216181120853,0.0007776913081349551,1.0759784885959107,1.0697815114040894,1.0847264113396078,30.02436053593175,-0.004284736191056515,-0.003099757998647957,-0.001184978192408558,1.0991657363152694,1.0666912636847306
1.07462,1.07522,1.07462,1.07518,163,4,0,2024-11-07 12:00:00,1.075463348536826,28.609625668447748,-0.0001908605298384103,-5.183918692530335e-06,-0.00018567661114587996,1.0771802848736565,1.0747107151263435,1.0780703557916194,58.99403239556715,-0.000684598449328,-0.0014320294655596302,0.0007474310162316302,1.0764424883132198,1.07132651168678,1.084510865796878,38.45741831815736,-0.0038377569253469357,-0.0032473577839877534,-0.0005903991413591823,1.0983697395022023,1.0664222604977975
1.07923,1.07931,1.07878,1.07912,269,4,0,2024-11-07 16:00:00,1.0771393666927798,71.83770883055166,0.0007184405504478963,0.0006780001553069231,4.0440395140973204e-05,1.080007710418118,1.0761932895818822,1.0781297245710635,80.63844552394127,0.0004561597498506931,-0.0005774002694779708,0.0010335600193286639,1.0795202109970075,1.0701097890029923,1.0843520083146476,38.30872483221477,-0.0033457047151717045,-0.003267027170224544,-7.86775449471604e-05,1.0975625829962499,1.0663144170037504
1.08051,1.0806499999999999,1.07976,1.07978,172,4,0,2024-11-07 20:00:00,1.079542780940499,65.13761467890238,8.711779599357428e-05,-3.874300890055273e-06,9.099209688362955e-05,1.0806149141651435,1.0784590858348564,1.0784218035912005,69.12325285895716,0.00109092895008156,0.0003362544421809453,0.0007546745079006147,1.082168523503381,1.0702614764966187,1.0841946746552498,38.00322061191629,-0.002931638684804616,-0.0031999494731405585,0.00026831078833594244,1.0965327707461425,1.0663272292538573
1.08035,1.08047,1.08023,1.08031,17,14,0,2024-11-08 00:00:00,1.079790850066089,68.07228915662643,0.00018320335639709917,0.0001832124493915605,-9.09299446134014e-09,1.0806378335473352,1.0795171664526648,1.0786209388256693,60.347930413916544,0.001166534873271896,0.00079150784633159,0.0003750270269403061,1.082835991797953,1.072423008202047,1.0839784129040635,29.639102017618598,-0.002706240641812796,-0.003101207706875006,0.00039496706506220993,1.0956526317677193,1.0661903682322809
1.07868,1.07881,1.07859,1.07859,161,4,0,2024-11-08 04:00:00,1.079210796763138,37.89954337899419,-0.00028154723180362495,-0.0003362274061433291,5.468017433970417e-05,1.0796299261217552,1.0778660738782448,1.0786490864888063,52.06971677559888,0.0007692094495181934,0.0008702999375923249,-0.00010109048807413154,1.0825091079065041,1.074548892093496,1.0837502398490022,29.521652986130718,-0.0025402878657727612,-0.002989023738654557,0.00044873587288179594,1.0948706957826173,1.0660213042173823
1.07816,1.07837,1.07816,1.07828,137,4,0,2024-11-08 08:00:00,1.0783920189100027,54.83870967741647,1.6638903198584742e-05,1.4278339410941692e-05,2.3605637876430504e-06,1.078575763070198,1.0779362369298022,1.078551331219835,42.61780104712084,0.00035727013668229723,0.0006348026262374849,-0.00027753248955518766,1.0816976315046642,1.0763283684953358,1.083520818678453,39.18106686701725,-0.0024020594758180636,-0.0028716308860872583,0.0004695714102691947,1.0939973890046832,1.065910610995317
1.07789,1.0779,1.07744,1.07763,198,4,0,2024-11-08 12:00:00,1.077971968674254,46.77804295942757,3.849905924901975e-05,0.00011431351268687242,-7.581445343785267e-05,1.0788758134328087,1.0773371865671915,1.0784536780958076,20.83333333333333,0.00013514155088700797,0.00037499918589008565,-0.00023985763500307769,1.081127360388769,1.0767006396112309,1.083197257161651,48.376623376623044,-0.0024761875523400256,-0.0027925422193378117,0.000316354666997786,1.0930014099629144,1.0656485900370858
1.07527,1.07558,1.07514,1.07527,246,4,0,2024-11-08 16:00:00,1.0770143471967821,35.483870967742746,-0.0006946389876147929,-0.0006169761430389771,-7.76628445758158e-05,1.0781356548539658,1.0744623451460344,1.0781488383420375,18.61198738170279,-0.000371152832474797,6.968139281223153e-05,-0.00044083422528702854,1.080937259921212,1.075423740078788,1.0827150117827629,40.93406593406578,-0.00285465043220956,-0.0028049638619121616,-4.9686570297398456e-05,1.0917557426378932,1.065067257362107
1.0709,1.07135,1.07081,1.07135,191,4,0,2024-11-08 20:00:00,1.0728012898438013,46.62698412698416,-0.0008052661595807642,-0.0010758359983306924,0.00027056983874992825,1.0731875666936448,1.0684484333063553,1.0772060069143572,7.7605321507774505,-0.0015600745638457703,-0.0006692205766090593,-0.0008908539872367109,1.0821429656303125,1.0710580343696876,1.0822865799481447,51.85524507558401,-0.003047638153677479,-0.0028534987202652254,-0.00019413943341225343,1.0901548805460228,1.064919119453977
1.0708,1.07173,1.07042,1.07075,13,20,0,2024-11-11 00:00:00,1.0716877409379664,20.54054054055119,5.958545050765984e-05,0.00016810652888935468,-0.00010852107838169484,1.0723728087995963,1.0711631912004038,1.0763519262481478,15.670910871696279,-0.0018346647686175999,-0.0013209338223363386,-0.0005137309462812613,1.081415578786964,1.068826421213036,1.0818835768129234,48.27755905511774,-0.003146558583275727,-0.002912110692867326,-0.00023444789040840113,1.08700351152887,1.0659704884711299
1.07202,1.07218,1.07193,1.07211,140,4,0,2024-11-11 04:00:00,1.0717543046946887,65.50218340611244,0.00018396497461936612,0.00020917426098065873,-2.520928636129261e-05,1.072670061479594,1.0713379385204058,1.0756826823130974,25.3012048192774,-0.001584085970923077,-0.0015442911193305699,-3.979485159250713e-05,1.0798477492775902,1.0679222507224102,1.0814857894869265,48.04113614103786,-0.003209740588422161,-0.002971636671978293,-0.00023810391644386777,1.0829181274160216,1.0679668725839786
1.07174,1.07174,1.07138,1.0714299999999999,126,4,0,2024-11-11 08:00:00,1.0715834881982527,56.626506024093004,-3.4663323888350916e-05,-9.243079882468574e-05,5.7767474936334826e-05,1.0717554943379002,1.0709305056621001,1.0750971651487113,60.600375234519646,-0.0013128739354855146,-0.0014689332080930152,0.00015605927260750065,1.0770790204682879,1.0682199795317122,1.0809628173501844,42.22987516142889,-0.0035090456854636187,-0.0030791184746753585,-0.0004299272107882602,1.081761534887022,1.067572465112978
1.06814,1.06818,1.06796,1.06818,168,4,0,2024-11-11 12:00:00,1.069257819733262,43.39622641509197,-0.0004776554733136873,-0.0005914421241643049,0.0001137866508506176,1.069360203544242,1.066971796455758,1.0740816679750473,24.26636568848842,-0.0018664168998201447,-0.0016018893900670984,-0.0002645275097530463,1.0743679660300027,1.0676550339699973,1.0803285892188048,29.31760741364741,-0.003971589044279966,-0.0032576125885962802,-0.0007139764556836859,1.0824264856921522,1.065789514307848
1.0648,1.065,1.06469,1.065,207,4,0,2024-11-11 16:00:00,1.0660845068975076,43.631436314363114,-0.00044673602774603083,-0.0005467379933149445,0.00010000196556891362,1.0662165325198076,1.063756467480192,1.0727524897640472,12.88711288711292,-0.002541348246689834,-0.0020435976641917488,-0.0004977505824980853,1.0751660346978118,1.0641729653021883,1.079723546504342,29.61409395973172,-0.0042799453619364325,-0.003462079143264311,-0.0008178662186721216,1.0828203876223415,1.0643336123776586
1.0648900000000001,1.06507,1.0648,1.06502,133,4,0,2024-11-11 20:00:00,1.0650828950163516,50.352112676058596,6.027099834371441e-05,9.592988911468782e-05,-3.565889077097341e-05,1.0655230639414393,1.0647089360585607,1.0715995855798328,17.914979757085305,-0.0024623359600512984,-0.0023260059253185695,-0.0001363300347327289,1.0746290868448705,1.0621159131551294,1.0791496819355442,13.594232749743398,-0.004457604068226484,-0.0036611841282567456,-0.0007964199399697384,1.083223284412553,1.063341715587447
1.06508,1.06548,1.06407,1.06508,17,14,0,2024-11-12 00:00:00,1.065356319388692,39.45578231292466,1.5165452808663105e-05,8.521391134267332e-05,-7.004845853401022e-05,1.0659316305750273,1.0650753694249726,1.0706739543245214,28.590971272231258,-0.0020258130003512065,-0.0022351056038969145,0.00020929260354570801,1.0725400765079585,1.0616149234920413,1.0785873414674836,7.6340010828376705,-0.004568332637904016,-0.0038426138301862,-0.0007257188077178156,1.08352730782375,1.06224769217625
1.06482,1.06493,1.06436,1.06449,154,4,0,2024-11-12 04:00:00,1.065516380887856,20.465116279068653,-0.00021419287387658414,-0.00010497383920451121,-0.00010921903467207294,1.0661958344768634,1.0647781655231368,1.0698753316544412,43.209876543210214,-0.0016636745482290216,-0.0019246190611670287,0.0002609445129380071,1.068607138746606,1.0629848612533943,1.07801450454719,7.351407716371753,-0.004669235846193942,-0.004007938233387748,-0.0006612976128061937,1.083822276671405,1.0610967233285953
1.06392,1.06392,1.06338,1.06341,170,4,0,2024-11-12 08:00:00,1.0644042699492458,32.14285714286079,-0.0001455111126753561,-0.00011062617962304884,-3.4884933052307265e-05,1.0645897652498135,1.0637172347501869,1.0689908493209372,36.73163418290853,-0.0015971759480859493,-0.0017415939665539433,0.00014441801846799395,1.0664450743374878,1.0634039256625119,1.0774111906433788,7.472178060413896,-0.004802772709142422,-0.004166905128538683,-0.0006358675806037387,1.0841879537934036,1.0598180462065965
1.06262,1.06262,1.06185,1.06222,226,4,0,2024-11-12 12:00:00,1.0629315369233683,41.119221411188974,-0.00017239065476615245,-0.00020422181589443457,3.183116112828212e-05,1.0632765747698756,1.0616214252301244,1.0680566301542542,24.320652173912364,-0.0016601567324319166,-0.0016679118901560407,7.75515772412404e-06,1.066739937108872,1.0621380628911279,1.0768178106181483,7.540106951872218,-0.004880583382858239,-0.0043096407794025945,-0.0005709426034556445,1.084245132611269,1.058527867388731
1.06228,1.0623,1.06193,1.062,248,4,0,2024-11-12 16:00:00,1.0620826730052322,51.300236406620044,8.763142626611042e-05,6.52314782488287e-05,2.239994801728173e-05,1.062773286622044,1.061082713377956,1.0671561480153915,17.44749596122753,-0.001602728895456318,-0.0016489826842148113,4.625378875849342e-05,1.0667952683054958,1.0608887316945042,1.076184563142927,7.032418952618997,-0.005014360025993314,-0.004450584628720739,-0.000563775397272575,1.084300479520495,1.057077520479505
1.06067,1.06124,1.06063,1.06111,221,4,0,2024-11-12 20:00:00,1.0607538942891148,67.83439490445669,-7.774139471927732e-05,-0.00025253569405286284,0.00017479429933358551,1.0610090401330652,1.0592159598669348,1.0662088867537385,31.039136302294125,-0.0016217331972621096,-0.0016661781777546176,4.444498049250797e-05,1.0663438960579787,1.059500103942021,1.075628305764773,14.613333333334111,-0.004955930216187676,-0.004551653746214126,-0.00040427646997354995,1.0833435736668766,1.0563114263331237
1.06202,1.06228,1.06143,1.06199,30,17,0,2024-11-13 00:00:00,1.0617530855301152,53.96825396825659,0.00020680835967978872,0.00027233949774041146,-6.553113806062274e-05,1.062986791015221,1.061334208984779,1.0655665811742827,42.396907216495094,-0.0011764369669522434,-0.001461129086483575,0.0002846921195313317,1.0645734225120955,1.0598895774879045,1.0751244506367428,23.218997361478387,-0.004791451815727932,-0.0045996133601168875,-0.00019183845561104428,1.081829545124373,1.0560574548756272
1.06279,1.06292,1.06246,1.06257,154,4,0,2024-11-13 04:00:00,1.061916779097084,69.11764705882341,0.00027658129855012703,0.0001738658351989224,0.00010271546335120462,1.0630821500225125,1.0608208499774878,1.0650531460366197,53.66705471478406,-0.0007867481405803289,-0.0011518339693427052,0.00036508582876237624,1.0635458442629808,1.0601851557370194,1.074581923160792,16.687817258883854,-0.00472684393142786,-0.004625059474379082,-0.0001017844570487779,1.0801243726816405,1.0558576273183593
1.06129,1.06169,1.06128,1.06137,136,4,0,2024-11-13 08:00:00,1.0617795383914082,36.2499999999967,-0.00018692371960638,-0.00019485636172137023,7.93264211499024e-06,1.0622177057531124,1.060929294246888,1.0645368482303854,60.784313725490314,-0.0006926631180814713,-0.0008880468607320076,0.00019538374265053626,1.0630111775120836,1.0602698224879163,1.0741147889191922,22.399527186761944,-0.004512272581262078,-0.004602502095755682,9.02295144936038e-05,1.0784345046714965,1.0559464953285038
1.06268,1.06282,1.06227,1.06244,212,4,0,2024-11-13 12:00:00,1.06136577116323,69.86301369862863,0.0005220392542655272,0.00038102237480774117,0.00014101687945778605,1.0633194438346734,1.0596695561653267,1.0640781603762217,45.80419580419573,-0.0005556217683031495,-0.0007398967237649795,0.00018427495546183,1.0630647206434645,1.0599932793565354,1.0737040128831457,27.014755959137602,-0.004215360297442405,-0.004525073736093027,0.00030971343865062156,1.076540692837836,1.0563883071621638
1.06364,1.06375,1.06298,1.06312,379,4,0,2024-11-13 16:00:00,1.0626014687359981,48.37049742710208,0.00027521646821360157,0.00028958819111473983,-1.4371722901138258e-05,1.0641645010692118,1.0621464989307885,1.0637983392592483,41.511771995043624,-0.0003925547950967001,-0.00046109476083942163,6.853996574272153e-05,1.064178957966764,1.059490042033236,1.0730442476720419,22.895622895623262,-0.004473957678524654,-0.004514850524579353,4.089284605469923e-05,1.0748309066717459,1.0559960933282542
1.0569,1.05694,1.05643,1.05668,205,4,0,2024-11-13 20:00:00,1.0582970132402585,48.641975308644156,-0.0004188130510012211,-0.0005252195268160494,0.00010640647581482826,1.057573700829458,1.056315299170542,1.0627944157786373,33.12392918332414,-0.001405130759459139,-0.0008355167583161374,-0.0005696140011430015,1.065540947159493,1.0562070528405072,1.0723829046260795,26.25482625482651,-0.004681417647423691,-0.004548163949148221,-0.00013325369827547028,1.0735335610884136,1.055384438911586
1.05626,1.05634,1.05594,1.05604,18,14,0,2024-11-14 00:00:00,1.056672138897201,52.86624203822107,-8.993252777655947e-05,-7.129459358464663e-05,-1.8637934191912837e-05,1.0566616230246353,1.0560073769753646,1.0618300549023014,34.55562461155927,-0.0017322026988262351,-0.0013273730806684543,-0.0004048296181577808,1.0654058624820404,1.05402413751796,1.0717243593466255,24.98656636217109,-0.004837673547302801,-0.0046060658687791375,-0.00023160767852366346,1.073058656642969,1.0543283433570307
1.05558,1.05561,1.0554,1.0554,128,4,0,2024-11-14 04:00:00,1.0561402201533976,26.271186440674697,-0.00023188038877863804,-0.00018277914590468657,-4.910124287395146e-05,1.0570409693318503,1.0549940306681493,1.0609492238221512,17.266187050359505,-0.0017544994519458346,-0.0015556959756659443,-0.0001988034762798903,1.0646335519628642,1.0525284480371353,1.071056737411464,23.09684101501773,-0.004975963229005176,-0.004680045340824345,-0.0002959178881808307,1.0722123168875088,1.053465683112491
1.05469,1.05519,1.0546,1.05501,147,4,0,2024-11-14 08:00:00,1.0548749535341309,53.35820895522515,-9.428071760875234e-05,-0.00020423096574976717,0.00010995024814101483,1.0552414382178188,1.0536665617821812,1.0600240432145567,28.513238289205972,-0.0017758368474498631,-0.0016910076288935915,-8.482921855627163e-05,1.0631044814093424,1.0513725185906575,1.0703105908463084,20.552995391704812,-0.005240595165050932,-0.0047921553056696625,-0.0004484398593812694,1.0713556137617672,1.052324386238233
1.05202,1.05209,1.05157,1.05174,191,4,0,2024-11-14 12:00:00,1.0538335972205533,21.449275362318048,-0.000706377252195578,-0.0005938795530976024,-0.00011249769909797561,1.055193761620486,1.0511772383795142,1.0589684180214778,14.545454545456238,-0.0020372576377447604,-0.0017977961630064234,-0.00023946147473833702,1.0588398982399416,1.0519131017600583,1.069633704930767,25.03426222019185,-0.005306838474886888,-0.004895091939513108,-0.0004117465353737802,1.0699885796423594,1.0518224203576407
1.05301,1.05377,1.05293,1.05372,358,3,0,2024-11-14 16:00:00,1.0529179672834679,50.19379844961151,0.00016301083559522311,0.00021358436807352837,-5.0573532478305255e-05,1.0544299883717816,1.0522800116282185,1.0581923913212088,44.630872483221665,-0.0015757654465224924,-0.0017892621916761817,0.00021349674515368927,1.0578381503204641,1.051568849679536,1.069095520423678,35.641025641025294,-0.005070113564075829,-0.0049300962644256525,-0.0001400172996501763,1.0689612557952612,1.0516257442047388
1.05592,1.05604,1.0557,1.05591,144,4,0,2024-11-14 20:00:00,1.0557725948447296,40.13605442176357,-0.00012234611553196828,-4.6598519061996364e-05,-7.574759646997192e-05,1.0574941487255975,1.0550518512744025,1.0578718571260328,49.56867949568691,-0.0007753879190282031,-0.001263876400391618,0.0004884884813634149,1.057838113721693,1.0514848862783068,1.0684635392305928,32.10161662817539,-0.005060598450886689,-0.0049561967017178596,-0.00010440174916882903,1.0686844126189339,1.0507215873810662
1.05306,1.05306,1.05268,1.05268,13,15,0,2024-11-15 00:00:00,1.0534211891251446,75.17482517483023,-0.0002452109998907215,-0.0004389937894130062,0.00019378278952228472,1.0531460350866302,1.0514659649133702,1.0571736874177147,47.96104686548943,-0.0009955287576406402,-0.0010623316017951926,6.680284415455239e-05,1.0572520248956536,1.0509789751043463,1.0678641847509616,34.75783475783447,-0.004979518536554872,-0.004960861068685263,-1.8657467869609423e-05,1.0681994900365002,1.0500345099635
1.05318,1.05373,1.05317,1.05363,162,4,0,2024-11-15 04:00:00,1.0531713990723575,60.795454545455975,0.00014952139608359616,0.0001492676910956259,2.537049879702629e-07,1.0540928268836185,1.0522931731163816,1.0566065103578341,52.05696202531675,-0.0008640557983738972,-0.0009946809140727723,0.00013062511569887506,1.0569909597535387,1.050689040246461,1.0673208833881787,33.4025758205227,-0.004793036910949455,-0.004927296237138101,0.00013425932618864583,1.06746127446312,1.0496647255368798
1.054,1.05412,1.05377,1.05408,112,4,0,2024-11-15 08:00:00,1.0540162378833275,41.34615384615363,-2.6321639353010795e-05,-9.092440383714159e-06,-1.7229198969296636e-05,1.0543380928513213,1.053926907148679,1.0562853746277978,45.30120481927733,-0.0004509301053816639,-0.0007635693490120494,0.0003126392436303855,1.0568777149757642,1.0513872850242356,1.0668847703141324,37.087912087911775,-0.004417610715264919,-0.004825359132763465,0.0004077484174985456,1.0665799072633941,1.0496850927366057
1.05622,1.0567,1.05601,1.05666,159,4,0,2024-11-15 12:00:00,1.0560209696216645,45.061728395059745,0.0002179503695056706,0.00037176943889114775,-0.00015381906938547715,1.0577925983011034,1.0560144016988966,1.0563324449901348,85.36269430051544,0.00025497023829745835,-0.00029049248464871336,0.0005454627229461717,1.0579809518747476,1.0514410481252523,1.0664512499096568,38.79310344827558,-0.004102645909924929,-0.004680816488195758,0.000578170578270829,1.0657609835477,1.0496890164523
1.05584,1.05632,1.0556,1.0558,316,4,0,2024-11-15 16:00:00,1.0570159225145588,38.0222841225619,-0.0003037261489333698,-7.364855086561846e-05,-0.00023007759806775133,1.05905773249475,1.05524326750525,1.0562826149099744,50.530035335688574,0.00022674198456495986,0.00011653223762502879,0.00011020974693993108,1.0582762529297702,1.0511477470702295,1.06599669108967,33.695198329853454,-0.0038865037301294425,-0.004521953936582495,0.0006354502064530526,1.065121390290946,1.0495516097090543
1.05488,1.05491,1.05456,1.05476,154,4,0,2024-11-15 20:00:00,1.0549515777565523,48.0769230769213,0.00016595246958894805,0.00022700811575797434,-6.105564616902629e-05,1.0558325477219008,1.054269452278099,1.0560445388741053,53.58004827031382,-3.6840133632587424e-07,5.735097564229004e-05,-5.771937697861591e-05,1.0581537182813172,1.051861281718683,1.065521918890075,29.64509394572015,-0.003750249843051723,-0.004367613117876341,0.000617363274824618,1.0644813487909754,1.0493526512090243
1.053,1.05385,1.0529,1.05301,13,21,0,2024-11-18 00:00:00,1.053522471379842,54.84949832775783,-2.9016772930212653e-05,-0.00016921168244755564,0.00014019490951734298,1.0538029379120377,1.0517780620879622,1.055648182705286,35.67727609178432,-0.00040259047988788765,-0.0001552935392883364,-0.00024729694059955125,1.0581414509412408,1.051892549058759,1.0650779220708564,42.34285714285703,-0.0035760309874433016,-0.004209296691789733,0.000633265704346431,1.0640344401641373,1.049152559835863
1.05419,1.05423,1.05384,1.05387,153,3,0,2024-11-18 04:00:00,1.0539594578533507,37.2832369942182,8.96420568048395e-05,0.00017036314774354226,-8.072109093870276e-05,1.0549506285675037,1.0537693714324963,1.055435325517692,37.29809104258475,-0.00030775410230754474,-0.00026293654182933944,-4.48175604782053e-05,1.058119870510264,1.0518301294897365,1.0646356506170973,43.08139534883758,-0.003430691075072767,-0.00405357556844634,0.0006228844933735727,1.0632650914803587,1.0491019085196411
1.05376,1.05385,1.05362,1.05379,134,4,0,2024-11-18 08:00:00,1.0538602577859366,41.84100418410159,2.597517872038324e-05,1.2959961521293808e-05,1.3015217199089433e-05,1.0542716000624808,1.0534293999375188,1.0552074339313375,45.531914893617525,-0.00028993791935616464,-0.00029714626519351567,7.2083458373510285e-06,1.0571129416304033,1.0517580583695965,1.0643209192203484,52.62615859938216,-0.003053565034610628,-0.003853573461679198,0.0008000084270685698,1.0622488297171409,1.049501170282859
1.05657,1.05671,1.05628,1.05634,209,3,0,2024-11-18 12:00:00,1.0550845604765566,76.78571428571794,0.000544197952712544,0.0004768146532744054,6.738329943813863e-05,1.0573531829957437,1.0538588170042564,1.0552068054792179,59.44186046511594,4.5260644427225216e-05,-0.00015082728209579144,0.00019608792652301666,1.055997320474044,1.0525216795259562,1.064025196897982,55.561497326203515,-0.002709736199096202,-0.003624806009162599,0.0009150698100663969,1.0615155826164577,1.049783417383542
1.05677,1.0570599999999999,1.05665,1.05686,214,4,0,2024-11-18 16:00:00,1.0550123320281772,86.26198083067251,0.0005828065117843284,0.00037770862954309765,0.00020509788224123076,1.0570858661254134,1.0533181338745865,1.0552782873108133,59.68992248062027,0.00032916212627776,3.700909677576325e-05,0.00029215302950199673,1.0567304056293667,1.052184594370633,1.063831659764728,69.24754634678338,-0.002225200943931638,-0.003344884996116407,0.0011196840521847692,1.060607787734117,1.050333212265883
1.0591,1.0591,1.05896,1.0590600000000001,119,4,0,2024-11-18 20:00:00,1.05739157959501,71.0963455149522,0.0005502716462773005,0.0005022925409964758,4.797910528082472e-05,1.059718697459135,1.0566703025408648,1.0557861733372984,75.58983666061792,0.0010641180282400242,0.0005028917860260497,0.0005612262422139745,1.0593740194210735,1.0516639805789263,1.0636712025190522,68.61435726210354,-0.001768369038102513,-0.0030295818045136284,0.0012612127664111154,1.0592778176180482,1.0512731823819519
1.05964,1.05988,1.05935,1.05959,21,16,0,2024-11-19 00:00:00,1.0591725657718052,67.3076923076967,0.00015576313178033985,0.00013949809809368302,1.6265033686656825e-05,1.0601180240500334,1.0588109759499666,1.0563322151582835,72.97056199821549,0.0013542259296470682,0.0009588424908121426,0.00039538343883492567,1.0612381659382064,1.0519038340617934,1.0634993906555599,60.86118251928102,-0.0014261973849531984,-0.0027089049206015427,0.0012827075356483444,1.059732855033189,1.051059144966811
1.05929,1.05946,1.05927,1.05942,108,4,0,2024-11-19 04:00:00,1.059284756207176,57.46606334841257,-1.1845733917770218e-05,-5.0282813266322664e-05,3.8437079348552446e-05,1.0595482753747505,1.0587957246252495,1.056758205279738,79.16666666666474,0.0012136001419180698,0.0011413309189901525,7.226922292791725e-05,1.0617276878736959,1.0535473121263041,1.0632970616102437,69.7349042709873,-0.0012176446950502573,-0.0024106528754912855,0.0011930081804410282,1.0600266606049227,1.0509813393950773
1.05836,1.05865,1.05832,1.05858,118,4,0,2024-11-19 08:00:00,1.0589841114904108,40.76433121019595,-0.0002195490740140027,-0.00021414240181683302,-5.40667219716968e-06,1.0592048342555203,1.05818416574448,1.0570878731429911,55.33536585365749,0.0009482008495595995,0.0010776080585001506,-0.00012940720894055106,1.0616332701018005,1.0551627298981994,1.062968549390234,55.17857142857174,-0.0013131929329319725,-0.002191160886979423,0.0008779679540474503,1.0600003982212283,1.0509406017787717
1.05492,1.05505,1.05433,1.0548,263,4,0,2024-11-19 12:00:00,1.0569495793633978,35.62585969738616,-0.0009501492618455565,-0.0009224096218172768,-2.7739640028279656e-05,1.0592136595281725,1.0525593404718279,1.0569930481478065,34.547244094488846,0.00012232677365431321,0.0006715359126673817,-0.0005492091390130685,1.0611760393826306,1.0559569606173693,1.0627607631396367,59.775641025641214,-0.0011537142824640245,-0.001983671566076343,0.0008299572836123186,1.060236426487598,1.051001573512402
1.05762,1.05782,1.05716,1.05724,320,3,0,2024-11-19 16:00:00,1.0570804505904319,51.67652859960565,0.0004118338581724501,0.0005183447892955053,-0.00010651093112305516,1.059127249579479,1.0561617504205207,1.0570081919421943,42.01680672268947,-4.64223828222643e-06,0.0002734446262855897,-0.00027808686456781614,1.0610490000375716,1.0554449999624282,1.0625748508596509,55.39099526066345,-0.0009876986528101206,-0.0017844769834230987,0.0007967783306129781,1.0603281271473786,1.0515088728526214
1.05801,1.05801,1.05716,1.05726,173,3,0,2024-11-19 20:00:00,1.0581118253303452,37.912087912089056,-7.132254599917509e-05,3.720859752632632e-05,-0.00010853114352550142,1.0590889468565154,1.0573350531434844,1.0572064367247263,51.050080775444066,0.00022051249097820858,0.0001993777668060741,2.1134724172134468e-05,1.0605745260269306,1.0554704739730696,1.0624468174926058,59.775280898876424,-0.0007434676192885625,-0.0015762751105961915,0.000832807491307629,1.060672397372563,1.051790602627437
1.05898,1.05952,1.05894,1.05899,27,16,0,2024-11-20 00:00:00,1.0590661966817225,32.71604938271648,9.356228547963141e-05,0.00017398716913960568,-8.042488365997427e-05,1.0597888998135956,1.0591691001864045,1.0575164175369127,60.77812828601473,0.0004779250419704173,0.0003333220569630047,0.00014460298500741257,1.060624478776193,1.0554565212238074,1.0623508638654449,64.6689497716903,-0.0004886032184465705,-0.0013587407321662673,0.0008701375137196968,1.0611808427404428,1.051691157259557
1.06003,1.06007,1.05993,1.05996,108,4,0,2024-11-20 04:00:00,1.059942716202108,42.39631336405822,-8.926135472475671e-05,-5.787970044556947e-05,-3.138165427918724e-05,1.0608730940759357,1.0593819059240641,1.0578886254722086,65.29032258064564,0.0006572121144061693,0.0005224095264478661,0.0001348025879583032,1.06125870730737,1.0552442926926298,1.0622080848903293,63.508968609865875,-0.00038626098737726267,-0.0011642447832084664,0.0007779837958312038,1.0612768449468273,1.0521681550531727
1.05869,1.0589,1.05859,1.05881,84,4,0,2024-11-20 08:00:00,1.0592405725195322,29.999999999996305,-0.00013731540281147758,-0.00012155515729063647,-1.576024552084111e-05,1.0594227592830416,1.0585932407169583,1.0580401993511819,58.27814569536327,0.00039860078284803535,0.0004982074986248607,-9.960671577682531e-05,1.0609393626495425,1.0565386373504577,1.0619465913652184,53.2367149758452,-0.0005545539859708182,-0.0010423066237609368,0.0004877526377901186,1.0611225382505185,1.0525584617494816
1.05552,1.05594,1.05542,1.05573,199,4,0,2024-11-20 12:00:00,1.05722030708549,45.69789674952358,-0.0005168365012897524,-0.0005384873977490382,2.165089645928572e-05,1.0572714602955242,1.0552105397044758,1.057755697301513,22.919179734619817,-0.00042786646411752116,0.00012294794690074872,-0.0005508144110182699,1.0615128795426207,1.055600120457379,1.0616996662136413,54.532092111709765,-0.0006713128425788195,-0.0009681078675245133,0.0002967950249456938,1.0610357999941729,1.0528092000058276
1.05564,1.05567,1.05524,1.05534,185,4,0,2024-11-20 16:00:00,1.0558600947292636,36.09625668449023,-2.7437353342429915e-05,4.134143039186064e-05,-6.877878373429056e-05,1.0565957391887593,1.0552292608112408,1.0573192311713222,13.587487781036245,-0.0009911010935301778,-0.00039876211575095763,-0.0005923389777792202,1.0622861235184629,1.053429876481537,1.0613663459699691,41.49625935162057,-0.0009505818858746018,-0.0009646026711945311,1.4020785319929317e-05,1.0612032864336942,1.052341713566306
1.0532,1.05324,1.05274,1.053,188,3,0,2024-11-20 20:00:00,1.05312367852069,61.042944785274855,0.00015486127547736928,1.517863383195632e-05,0.00013968264164541296,1.053883153194312,1.051044846805688,1.0566450886936944,23.82704691812272,-0.0014442186517646949,-0.0009955821495880987,-0.0004486365021765962,1.0622947882767366,1.050792211723263,1.0610896265201664,44.11624583134835,-0.001070002567820083,-0.0009856826505196415,-8.431991730044157e-05,1.0612459118763866,1.0521470881236132
1.05431,1.05431,1.05364,1.05406,11,14,0,2024-11-21 00:00:00,1.0537825449354372,54.23728813559683,0.00013971682100288874,0.0001438085287607595,-4.091707757870769e-06,1.0544246961643122,1.053583303835688,1.0562665877313178,37.29003359462504,-0.0011551266453107,-0.001147408186096181,-7.71845921451915e-06,1.0600093146563574,1.0506896853436425,1.0608339548919248,38.06758183738096,-0.001130631277973082,-0.0010146723760103295,-0.00011595890196275252,1.0612578294042496,1.0521061705957502
1.05457,1.05478,1.05456,1.0546,104,4,0,2024-11-21 04:00:00,1.0544368159786721,48.38709677418985,6.287335862831256e-05,8.753860956539992e-05,-2.466525093708736e-05,1.0549533862625584,1.0542766137374417,1.056028751683814,43.63636363636347,-0.0007672003706171715,-0.0009932728605665559,0.00022607248994938435,1.0573765145739176,1.0516154854260822,1.0605914468569473,36.145890038106266,-0.00115886595085124,-0.0010435110909785116,-0.00011535485987272838,1.0612100216855596,1.0522299783144402
1.0547,1.05479,1.05462,1.05478,99,4,0,2024-11-21 08:00:00,1.0548595999553287,42.97520661156843,-7.27621187663896e-05,-4.522716024346775e-05,-2.7534958522921853e-05,1.05524064106744,1.0545893589325597,1.055859785265154,78.42696629213637,-0.0004951399984234328,-0.0007269058487016029,0.00023176585027817013,1.0564502807753156,1.0520357192246845,1.0602419783527532,31.78554332216389,-0.0014047037606463864,-0.0011157496249120866,-0.0002889541357342998,1.0615036056224891,1.051684394377511
1.05169,1.05197,1.05146,1.0517,202,3,0,2024-11-21 12:00:00,1.0532069062224239,30.61594202898513,-0.0005456008778748078,-0.0004829979995713271,-6.260287830348071e-05,1.054257814223341,1.0508331857766589,1.0554113671739163,36.17021276595493,-0.0008179099841842952,-0.0007000930650375793,-0.00011781691914671585,1.056026368730822,1.051664631269178,1.059968959593822,38.25441039925735,-0.0014536683835839614,-0.0011833333766464616,-0.00027033500693749986,1.0615449515082773,1.0515910484917226
1.05328,1.05349,1.05317,1.05318,293,4,0,2024-11-21 16:00:00,1.0527019860053484,46.94280078895412,0.0002640051222131401,0.00021646659530836728,4.7538526904772815e-05,1.0539166945385545,1.0517453054614452,1.0550407526421703,42.71844660194127,-0.0007497885513205738,-0.0007733983456357592,2.3609794315185414e-05,1.055969860879698,1.0517801391203023,1.059528216080339,36.34759594177334,-0.0018384279214003207,-0.0013143522855972335,-0.0005240756358030872,1.0622608361844883,1.0500871638155116
1.04872,1.0488,1.0483,1.0483,186,3,0,2024-11-21 20:00:00,1.0498865147306489,53.421633554084124,-0.0005909995735573492,-0.0008984955698441545,0.0003074959962868053,1.049423182068472,1.0464278179315276,1.0541350733603243,26.39593908629392,-0.0015724210593119903,-0.001113096067457848,-0.0004593249918541423,1.057515439735469,1.048180560264531,1.0590502468222864,25.762552792117432,-0.0022298101470810128,-0.0014974438578939896,-0.0007323662891870232,1.0629451763895736,1.0484588236104262
1.04732,1.04733,1.04685,1.04703,24,10,0,2024-11-22 00:00:00,1.0481027922513968,14.371257485030497,-0.00026626867076262606,-0.00023078128740948036,-3.54873833531457e-05,1.048331683577289,1.0469263164227114,1.0531888613512992,24.54407294832866,-0.0019391446640355525,-0.0015433078073176427,-0.0003958368567179098,1.0572148444672997,1.0457221555327,1.0585831783194517,24.291115311910147,-0.00252699211709162,-0.0017033535097335157,-0.0008236386073581041,1.0631030695431618,1.0471059304568384
1.04714,1.04731,1.0471,1.0472,111,4,0,2024-11-22 04:00:00,1.0474216427130032,44.32432432432218,2.225569793012916e-05,3.685931046492475e-05,-1.4603612534795593e-05,1.0477873634030865,1.046868636596913,1.052305272624839,25.602140945583784,-0.0019208993927564144,-0.0017878495971017903,-0.0001330497956546241,1.0552574700087114,1.0446035299912884,1.0581077595618262,18.73479318734897,-0.002785274377161695,-0.0019197376832191517,-0.0008655366939425433,1.0630037371522847,1.0458772628477155
1.04644,1.04662,1.04635,1.0466,150,4,0,2024-11-22 08:00:00,1.0470357213776762,22.085889570557327,-0.00023501600918574006,-0.00020113672622187138,-3.387928296386868e-05,1.047707039315949,1.046023960684051,1.0515314065100128,46.052631578946986,-0.0017167086828331346,-0.0017761226370135222,5.941395418038761e-05,1.0534262228160172,1.0441237771839829,1.0574051023241076,12.093379257559107,-0.0034560621948558357,-0.0022270025855464885,-0.0012290596093093471,1.0638436292255204,1.0431273707744797
1.0402,1.04033,1.03851,1.03891,391,3,0,2024-11-22 12:00:00,1.0444280705265128,34.96143958868912,-0.001815243764815122,-0.001758109930854822,-5.713383396030013e-05,1.0498563643236567,1.0350286356763432,1.0504060285600278,35.301132975551226,-0.0022318400675884753,-0.0018860074667879608,-0.0003458326008005145,1.0515558597702974,1.0424521402297027,1.0568374512525738,21.392313270486255,-0.0037236473831363526,-0.0025263315450644616,-0.001197315838071891,1.0638184418561352,1.0416115581438645
1.04294,1.04346,1.04291,1.04333,248,4,0,2024-11-22 16:00:00,1.0422448574283312,70.21276595744622,0.0004154401716296441,0.00021910770594469052,0.00019633246568495356,1.0437980282916368,1.0397499717083631,1.0490716053564226,33.57368183866596,-0.0026204926203654555,-0.0022676710023782185,-0.00035282161798723703,1.0513165188408669,1.0396704811591333,1.0562512766936494,23.182711198428848,-0.003973822133120919,-0.002815829662675753,-0.001157992470445166,1.0641111252737536,1.0400158747262465
1.04186,1.04253,1.04183,1.04253,140,4,0,2024-11-22 20:00:00,1.0410746686988293,85.74766355139838,0.00036695569001166106,0.00010022083055706221,0.0002667348594545989,1.0424792103903857,1.038757789609614,1.0478960677872409,38.72720217306941,-0.002447905498280889,-0.002444127896759664,-3.777601521225138e-06,1.0503883745607068,1.0379376254392931,1.0556837756468398,22.75049115913592,-0.004133317197831277,-0.0030793271697068577,-0.001053990028124419,1.0638441047290792,1.0386938952709208
1.04799,1.04817,1.04762,1.04768,82,24,0,2024-11-25 00:00:00,1.0416801845799317,94.02777777777864,0.0005645751827894063,0.00016530144422467595,0.0003992737385647304,1.0446107860747766,1.0391042139252231,1.047196586258997,56.94928377855191,-0.0014891798232690157,-0.0021697543392857504,0.0006805745160167347,1.0493123402206037,1.0373536597793964,1.0553742158175519,40.67562909341635,-0.0037317441892956715,-0.003209810573624621,-0.0005219336156710506,1.0630043279459125,1.0385106720540875
1.04776,1.04795,1.04765,1.04765,132,4,0,2024-11-25 04:00:00,1.0471040832093221,40.214477211792925,0.0001621531935824816,0.0002769153562449919,-0.00011476216266251033,1.0487759334279494,1.0473570665720506,1.047336068486724,71.92498621070006,7.291219760419132e-05,-0.0010853984063882187,0.00115831060399241,1.0501024800851317,1.0369815199148682,1.0550811093149026,38.55765797929319,-0.0033658195337273877,-0.0032410123656451744,-0.0001248071680822133,1.0618031269023054,1.0385708730976946
1.0479,1.04798,1.04766,1.04773,133,4,0,2024-11-25 08:00:00,1.0478277156764877,46.96132596684947,-6.293076798447039e-05,-6.009692863219893e-05,-2.8338393522714617e-06,1.0481514997415156,1.0475885002584846,1.0474321485863218,83.58326756116652,0.0006184257412191752,-0.00016409175374347884,0.000782517494962654,1.0513362700374072,1.037328729962593,1.0548394971849064,40.18074383037913,-0.002959401988382071,-0.003184690290192554,0.000225288301810483,1.0602963698633237,1.0389696301366764
1.0489,1.04918,1.04865,1.04918,257,3,0,2024-11-25 12:00:00,1.0473694213094855,74.7093023255859,0.0006265237285318914,0.0003749808313536569,0.00025154289717823453,1.0500562791367531,1.0445797208632472,1.0474177994064888,71.14133648728452,0.0006724421711099549,0.0002567037797189994,0.0004157383913909555,1.05217580039483,1.0388401996051697,1.0547610855305964,47.22477767555952,-0.0022945517521326675,-0.003006662582580577,0.0007121108304479094,1.0592472906082422,1.0394317093917576
1.05283,1.053,1.05212,1.05217,307,4,0,2024-11-25 16:00:00,1.0495017571649234,75.17006802721295,0.0010934750436963903,0.0009056526218300825,0.00018782242186630776,1.0538962828712495,1.0468187171287506,1.047824347740197,57.471910112359744,0.001248554477891517,0.0007049020330610295,0.0005436524448304875,1.0532002793755835,1.0414167206244165,1.0545190821764556,45.441133077603986,-0.002086540293508632,-0.0028226381247661884,0.0007360978312575565,1.0584619627076426,1.0395220372923573
1.04859,1.04956,1.04857,1.04955,235,3,0,2024-11-25 20:00:00,1.048940017615792,75.62326869805727,-0.000166031187806448,-0.0004393449787345557,0.0002733137909281077,1.0492810355957352,1.0466949644042647,1.0479990366549403,56.539888682745854,0.0010332584782810628,0.0008922058447240885,0.00014105263355697426,1.0516866345222846,1.045295365477715,1.0543136279734575,43.93571861734388,-0.0018447473809852788,-0.0026270599760100065,0.0007823125950247277,1.0576143118670531,1.039732688132947
1.04889,1.04952,1.04886,1.04905,9,24,0,2024-11-26 00:00:00,1.0496771440149266,38.91625615763262,-0.0002306596087744417,-0.000193900910771365,-3.675869800307669e-05,1.0502084084108634,1.048849591589137,1.048234453800772,57.95895729339959,0.0008932886440393695,0.0009362452117997453,-4.295656776037585e-05,1.0520933240447858,1.0454796759552138,1.0539640739352827,44.84679665738189,-0.0019438013967463252,-0.0024904082601572707,0.0005466068634109454,1.0570721368621456,1.0394948631378542
1.0454,1.04553,1.04513,1.04527,161,4,0,2024-11-26 04:00:00,1.0464220320615598,56.15514333895385,-0.00026211166163947475,-0.0004867643016916333,0.00022465264005215856,1.04646953195059,1.0433804680494099,1.0477345033983685,43.76122082585286,-0.0002651010571481649,0.00034785578859729564,-0.0006129568457454605,1.0529257581370688,1.043383241862931,1.0537113651535068,50.272397094431106,-0.0018301394273656513,-0.002358354493598947,0.0005282150662332956,1.056264547552828,1.039623452447172
1.04752,1.0478,1.0475,1.04777,109,4,0,2024-11-26 08:00:00,1.0473954503172793,45.10869565217942,7.632307844884778e-05,0.0001635153299007088,-8.719225145186103e-05,1.0482797072097347,1.0473932927902654,1.0477319799404952,49.55185659411003,-7.434332777833674e-05,7.619942161169158e-05,-0.0001505427493900283,1.0527323178016106,1.0437576821983896,1.0535940567161146,54.9667036625973,-0.001464961081812488,-0.0021796758112416553,0.0007147147294291672,1.0555908186465426,1.0399121813534573
1.05072,1.05125,1.05055,1.05072,256,3,0,2024-11-26 12:00:00,1.048965223370364,59.57142857142896,0.000627960588985399,0.0006085224679461103,1.9438121039288712e-05,1.0520059527288166,1.0476250472711834,1.0480318845652845,57.73067331670832,0.0005621583560833088,0.00019043743633230542,0.00037172091975100336,1.0524486513016138,1.043873348698386,1.0534668388056787,55.44360481388178,-0.0011916736477541878,-0.001982075378544162,0.0007904017307899741,1.054793427797116,1.0402795722028841
1.05034,1.05053,1.04951,1.04961,265,3,0,2024-11-26 16:00:00,1.0512382255760289,21.805792163542392,-0.0004469777437265954,-0.0001870397766697243,-0.00025993796705687107,1.054524263382007,1.049199736617993,1.0484815060592934,75.6534727408515,0.0009135137819500372,0.0006051493806345336,0.0003083644013155036,1.0534781264346547,1.043693873565345,1.0532144137544757,60.43319097010358,-0.001228822539614649,-0.0018314248107582595,0.0006026022711436104,1.0542950631673909,1.0403129368326092
1.04703,1.04744,1.04698,1.0471,211,4,0,2024-11-26 20:00:00,1.0483108884283645,34.782608695653025,-0.0004889238777923133,-0.0005587233607830371,6.979948299072386e-05,1.0483249782207793,1.046237021779221,1.0483109009668927,44.15887850467276,8.529512599930733e-05,0.00045229408643849607,-0.00036699896043918874,1.0529909536890323,1.043280046310968,1.053014240666065,58.32262210796932,-0.0011577702749512309,-0.0016966939035968538,0.0005389236286456229,1.053465152310631,1.0406258476893686
1.0481,1.04883,1.04763,1.04853,17,20,0,2024-11-27 00:00:00,1.047909984953568,64.58333333333478,0.0003799313960861639,0.0004261120043079396,-4.618060822177573e-05,1.0495218614469999,1.0470571385529999,1.0482728962502144,48.15422477440596,-2.1227940638191e-05,0.0001636878068512922,-0.0001849157474894832,1.0522360030540026,1.0453209969459976,1.0528434861301408,61.051256937642606,-0.0010450339391043784,-0.0015663619106983588,0.0005213279715939804,1.0534578606101082,1.0406261393898915
1.04864,1.0488,1.04849,1.0485,136,4,0,2024-11-27 04:00:00,1.0487480572675805,38.392857142854396,-7.578380639050586e-05,-2.7348881142481763e-05,-4.8434925248024096e-05,1.0493653281407105,1.0484146718592893,1.048352249681293,29.31034482758625,7.482806640246586e-05,0.00010978747056606643,-3.4959404163600565e-05,1.0522899269672807,1.0457060730327195,1.0526409964779784,59.3650793650793,-0.0010229751695478573,-0.0014576845624682585,0.0004347093929204012,1.0534799850039518,1.0406380149960486
1.04767,1.04778,1.04752,1.04766,114,4,0,2024-11-27 08:00:00,1.048110284089825,33.636363636372266,-0.000122541363580142,-0.00011678649314493843,-5.754870435203569e-06,1.0481124779040298,1.0476295220959702,1.0482919743426646,49.91624790619896,-8.669784785442225e-05,2.1063537110954035e-05,-0.00010776138496537628,1.0515593538480177,1.0457426461519823,1.052601741714136,56.5365025466891,-0.0006781373851998396,-0.0013017751270145749,0.0006236377418147353,1.0540243651314438,1.040543634868556
1.05162,1.05229,1.05148,1.05188,209,4,0,2024-11-27 12:00:00,1.0504878464806309,54.399999999999054,0.0003543627111077807,0.0004361845510592019,-8.182183995142118e-05,1.0526152012267462,1.050749798773254,1.0487582242393934,80.65789473684171,0.0007043390679284389,0.00026411682627202433,0.0004402222416564146,1.0518885842309487,1.0455344157690514,1.0527844185096602,63.38672768878711,4.8081817753287126e-05,-0.0010318037380610025,0.0010798855558142896,1.0558870943518128,1.039760905648187
1.0573,1.05786,1.05659,1.05707,400,3,0,2024-11-27 16:00:00,1.0530870315719567,72.95285359801588,0.0010462511667748142,0.0006943961442236311,0.00035185502255118313,1.056889912968198,1.051160087031802,1.0496170466233716,74.76923076923012,0.001640044674787955,0.0008863283727645317,0.0007537163020234232,1.0557068806462617,1.0445751193537383,1.052974441313203,62.69309239288826,0.0006460247053345913,-0.0006962380493818837,0.001342262754716475,1.0570498340393992,1.040342165960601
1.05763,1.05776,1.05731,1.05747,172,4,0,2024-11-27 20:00:00,1.05640778621537,49.34036939313848,0.0004073160146882415,0.0005443662815755454,-0.00013705026688730392,1.058915914783996,1.0563960852160044,1.050733820424768,78.6605384110303,0.002289130277730589,0.0016493939509156876,0.0006397363268149012,1.0593676575942579,1.0445713424057421,1.0531099534185675,55.68217790440002,0.0010114098770257485,-0.00035470846410035734,0.0013661183411261058,1.0579419617466823,1.0408000382533178
1.05645,1.05658,1.05604,1.05627,22,15,0,2024-11-28 00:00:00,1.0565125542780756,40.77669902913124,-3.7998655288085104e-05,-3.494906208817056e-05,-3.0495931999145406e-06,1.0567140520400977,1.0562639479599023,1.0515828079074847,71.51067323481118,0.0020972924530877624,0.0019531895602255163,0.00014410289286224606,1.0608171167388594,1.0461818832611407,1.0532111317158788,62.64245014245019,0.0012271229331708433,-3.834218464611721e-05,0.0012654651178169605,1.0583121113127063,1.0418098886872935
1.05572,1.05592,1.05551,1.05552,145,4,0,2024-11-28 04:00:00,1.0559535028907943,51.132686084142534,-7.520243254810488e-05,-0.00013785129958438465,6.264886703627977e-05,1.0563209839056238,1.0548690160943763,1.0521887226363087,61.61213088587343,0.001567401964069015,0.0018185547148978182,-0.00025115275082880314,1.0596973415763606,1.0503956584236394,1.0532812834132952,60.18518518518498,0.0013271018468667961,0.0002347466216564655,0.0010923552252103306,1.0582678503060983,1.0431761496939016
1.05499,1.055,1.05429,1.05435,170,4,0,2024-11-28 08:00:00,1.0554444692341542,32.37704918032776,-0.00011653118081689229,-2.8734894371243755e-05,-8.779628644564853e-05,1.0559563617861503,1.0547856382138499,1.0526220757642701,26.373626373627175,0.0010333202015453402,0.001451641302694993,-0.0004183211011496528,1.0584795745277267,1.0531044254722735,1.0532777036715972,64.97500961168757,0.0012459217724476446,0.0004369816518147013,0.0008089401206329433,1.058482354780435,1.0435016452195653
1.0532,1.05343,1.05302,1.05316,182,3,0,2024-11-28 12:00:00,1.054141061617667,27.906976744186906,-0.00025742037073994695,-0.00018583077367879453,-7.158959706115241e-05,1.054775288563404,1.0529337114365962,1.0528579717332773,40.417209908736325,0.0005180687411299179,0.0009667958680772544,-0.00044872712694733654,1.0580024601142328,1.0534645398857674,1.053281715292319,62.16777408637853,0.001183277306478825,0.0005862407827475261,0.0005970365237312988,1.0586806551894803,1.0438513448105198
1.05338,1.05358,1.0533,1.05356,185,3,0,2024-11-28 16:00:00,1.0543731566538828,37.71929824561485,-0.000337266569808925,-0.00022039721781459237,-0.00011686935199433263,1.055532420372977,1.053044579627023,1.0530913596515417,48.56828193832639,0.0002912866909956513,0.0006053541788982491,-0.0003140674879025978,1.0571270607695256,1.0532469392304742,1.05335968724164,59.9912165129552,0.0012714814735232949,0.00072328892090268,0.0005481925526206149,1.0591180304048091,1.044048969595191
1.05527,1.05566,1.05527,1.05565,51,1,0,2024-11-28 20:00:00,1.0550201872257574,59.3749999999987,0.00013477323495614257,0.0001276057603918234,7.167474564319165e-06,1.0556026098350444,1.0549143901649558,1.0534270516176192,50.45977011494171,0.0003836894697200055,0.0004592411130569619,-7.555164333695639e-05,1.0564443787290216,1.0534846212709785,1.0534118563694188,59.442993907745894,0.0012798296787743801,0.0008345970724770199,0.00044523260629736024,1.059320108567349,1.0440318914326512
1.05477,1.05525,1.05469,1.05469,9,38,0,2024-11-29 00:00:00,1.0553912789576028,21.538461538461007,-0.00010076078393539412,-4.180090881904193e-06,-9.658069305348992e-05,1.056016918266747,1.054914081733253,1.0536891462489149,53.550640279394514,0.00031271156610346296,0.0003992751944586493,-8.656362835518636e-05,1.0562027928729114,1.0535372071270885,1.0535125678843438,71.36038186157519,0.0013746913247258963,0.0009426159229267953,0.000432075401799101,1.0597754730373292,1.0443155269626707
1.05597,1.0563,1.05589,1.05629,184,4,0,2024-11-29 04:00:00,1.0560763189818891,51.68195718654524,2.954818102307577e-05,0.0001294996231516865,-9.995144212861072e-05,1.0572038702967712,1.0557331297032289,1.0540815419504745,67.24367509986564,0.0005330757238375394,0.0004306692820554491,0.00010240644178209033,1.0569516697229417,1.0532683302770582,1.0536410946339774,70.98646034816218,0.0014979625137223618,0.0010536852410859086,0.0004442772726364532,1.0603132557645185,1.0445287442354816
1.05675,1.05695,1.0566,1.05687,124,4,0,2024-11-29 08:00:00,1.0569049807421242,48.73949579831995,-3.743952058155031e-05,4.332071465606848e-06,-4.177159204715716e-05,1.0573373762908516,1.0567126237091482,1.0545565996926978,70.3875968992211,0.0007564838810112384,0.0005821785418522116,0.00017430533915902685,1.057939882674802,1.053510117325198,1.0537198752365666,66.43159379407636,0.0014865315362841969,0.0011402545001255662,0.00034627703615863065,1.0602135441727945,1.0456534558272055
1.05564,1.05613,1.05564,1.05598,262,4,0,2024-11-29 12:00:00,1.057022829831961,36.77685950413036,-0.0004193719668605933,-0.00029299141797198665,-0.00012638054888860665,1.0581011436041396,1.0554338563958605,1.0548774663435814,55.55555555555417,0.0005714817020383567,0.0006361244317784757,-6.464272974011898e-05,1.0581232345946783,1.0542517654053218,1.0538198801292504,70.54041128646605,0.0015100938014105392,0.0012142223603825609,0.0002958714410279783,1.0603256437344861,1.0464163562655135
1.05628,1.05645,1.05596,1.05605,248,4,0,2024-11-29 16:00:00,1.0561249328930766,58.94495412844148,1.786939298975554e-06,-1.3968427682595543e-05,1.5755366981571095e-05,1.0568597467442065,1.0548682532557938,1.0550501259748153,44.252163164399846,0.0002828227811513262,0.0004920336951141824,-0.00020921091396285617,1.058130134407039,1.0545258655929608,1.0539351789477112,64.67889908256893,0.0015504335384592949,0.0012814645959979077,0.0002689689424613872,1.0606673890294063,1.0466786109705934
1.05672,1.0578,1.05672,1.05771,220,4,0,2024-11-29 20:00:00,1.055462591556251,83.46613545816598,0.0003538920643579857,2.5530037904793448e-05,0.00032836202645319224,1.0569535228340672,1.0533554771659328,1.05523229240783,52.32558139534923,0.00024995065568145236,0.0003137489958968678,-6.379834021541547e-05,1.0582204360443848,1.0548505639556154,1.054076936636036,51.14988104678789,0.001627389930295653,0.0013506496628574568,0.0002767402674381961,1.0610483788958671,1.0470176211041329
1.057,1.057,1.05544,1.05638,40,20,0,2024-12-02 00:00:00,1.0574444642471226,7.727272727272961,-0.00010001357207545247,7.248843016673654e-05,-0.00017250200224218902,1.0588258975051774,1.0570571024948223,1.0555624795870737,46.6666666666659,0.00039413489348949504,0.00038217439569992334,1.1960497789571703e-05,1.0586888782856112,1.0548491217143885,1.0540362724542307,36.29850746268614,0.0013093655657197,0.0013423928434299055,-3.302727771020545e-05,1.060555901888588,1.0481110981114121
1.05304,1.05319,1.05298,1.05301,181,4,0,2024-12-02 04:00:00,1.0543822981788709,33.13953488371965,-0.00039428581777767313,-0.000466050884178283,7.176506640060989e-05,1.0540094172250716,1.052687582774928,1.0552359554854385,34.66981132075473,-0.0005245785159395666,1.0978454832381667e-05,-0.0005355569707719483,1.0592694101155644,1.0527085898844353,1.053964261769751,37.095790115924224,0.0009782710856021115,0.0012695684918643468,-0.00029129740626223526,1.0601367840785156,1.0489392159214843
1.05218,1.05239,1.05213,1.05222,152,4,0,2024-12-02 08:00:00,1.0526342895345815,52.96803652967935,-3.7124504401298e-05,-6.621416764103959e-05,2.908966323974159e-05,1.0527915508249512,1.051806449175049,1.0548389436704706,43.680297397769316,-0.0009322474628328248,-0.0005130581050483284,-0.0004191893577844964,1.0592542094913355,1.0510367905086642,1.0538613495434863,36.826165960023836,0.0006391142013435491,0.0011434776337601873,-0.0005043634324166382,1.0597857074819033,1.0495582925180968
1.05131,1.05142,1.05089,1.05125,222,4,0,2024-12-02 12:00:00,1.0514102662680438,68.24999999999918,6.456143191169161e-05,-2.2777375306936837e-05,8.733880721862846e-05,1.0521550049372437,1.0496899950627563,1.0542752127853219,24.958949096879863,-0.0012740865515312727,-0.0009650588886434728,-0.0003090276628877999,1.0593058842173666,1.0489581157826335,1.053742080933938,37.20930232558152,0.000324628161524565,0.0009797077393130628,-0.0006550795777884979,1.059173854912477,1.0504841450875235
